year,T_a,C_a,C_o,C_od,T_o,E21,E22,E23,E24,E12,action_0,reward,done
2017,1.2298581930310482,879.6906441358659,131.8050500833957,1204.3959969099278,0.6108334897531472,-6.707198728383469,-45.796041547943176,13.39951888220142,47.50738509341707,50.312000000000005,0,-2.7014180696895185,False
2018,1.2591682936769797,883.4349245274849,131.92593211231454,1212.0808636145584,0.6233838401953424,5.9339257955257745,-33.49524610669801,13.39951888220142,47.50738509341707,50.312000000000005,0,-2.408317063230203,False
2019,1.2902669783760503,886.5480655738112,132.4335851188375,1219.4910548173996,0.6362843774451524,18.612792299837917,-21.05254841307801,13.39951888220142,47.50738509341707,50.312000000000005,0,-2.097330216239497,False
2020,1.3228538384912636,889.1301211724641,133.01492212891299,1226.7769873447673,0.6495605122933263,31.047362118572494,-8.590465217629388,13.39951888220142,47.50738509341707,50.312000000000005,0,-1.771461615087364,False
2021,1.3567768228115242,891.6069772641375,133.59880979921795,1233.9653787152745,0.6632325289173411,43.65339428182099,4.100787066817647,13.39951888220142,47.50738509341707,50.312000000000005,0,-1.4322317718847577,False
2022,1.3890390467659728,894.0271494192019,134.17713730291706,1241.060899755158,0.6772888372041711,56.41264528580841,17.19284953589442,13.39951888220142,47.50738509341707,50.312000000000005,0,-1.1096095323402722,False
2023,1.4196581844222813,896.2162078073619,134.7421427103084,1248.0637166623997,0.6916892025468526,68.66429579220801,30.398314825468596,13.39951888220142,47.50738509341707,50.312000000000005,0,-0.8034181557771869,False
2024,1.448658569702639,898.3692176907151,135.29346924298656,1254.9699720477274,0.7063944271612316,81.02733877199697,43.95253828366317,13.39951888220142,47.50738509341707,50.312000000000005,0,-0.5134143029736093,False
2025,1.4760689397746554,900.2941162831512,135.82891710642716,1261.777064381308,0.7213668117220846,92.78520313744016,57.51457236997657,13.39951888220142,47.50738509341707,50.312000000000005,0,-0.23931060225344636,False
2026,1.5019105512921889,902.0980562508386,136.34713854458164,1268.4798647817836,0.7365697381214634,104.34646147240542,71.1904716456635,13.39951888220142,47.50738509341707,50.312000000000005,0,-0.019105512921888668,False
2027,1.5262078823505452,903.6663848052466,136.84639059611746,1275.0736745184768,0.7519678819276844,116.37678110192537,84.71208827707677,13.39951888220142,47.50738509341707,50.312000000000005,0,-0.26207882350545164,False
2028,1.5489787254324454,905.0540084508632,137.32513116697857,1281.5521199848345,0.7675269505177464,129.76369936042354,98.13267477653842,13.39951888220142,47.50738509341707,50.312000000000005,0,-0.48978725432445414,False
2029,1.5702382422024608,906.2145544671695,137.78097951460438,1287.9085517587898,0.7832137232739712,144.52844076278402,111.34065348399236,13.39951888220142,47.50738509341707,50.312000000000005,0,-0.7023824220246078,False
2030,1.5899903385849454,906.9875593961918,138.21010856200482,1294.1348254151064,0.7989958405972946,160.782487989451,123.99183468030549,13.39951888220142,47.50738509341707,50.312000000000005,0,-0.8999033858494543,False
2031,1.6082262136316523,907.5179284519543,138.6093442365399,1300.2198036433654,0.8148414202102412,178.36603194092766,136.28119641720622,13.39951888220142,47.50738509341707,50.312000000000005,0,-1.082262136316523,False
2032,1.6249768638822266,907.8732422208935,138.98388259116686,1306.1546228476598,0.8307194600654675,197.37477208806868,148.29512362455128,13.39951888220142,47.50738509341707,50.312000000000005,0,-1.2497686388222662,False
2033,1.640272422151536,907.9779077865322,139.33401043588273,1311.9332328696673,0.8466002446352344,217.71085912640976,159.87048601745684,13.39951888220142,47.50738509341707,50.312000000000005,0,-1.402724221515359,False
2034,1.6541306775550118,907.8328328023296,139.65761902996226,1317.548849544926,0.8624550861444897,239.14825387568038,170.96177368565418,13.39951888220142,47.50738509341707,50.312000000000005,0,-1.5413067755501175,False
2035,1.6665629499631205,907.3856789100726,139.9522782524428,1322.9938585112423,0.8782561780550793,261.4329468070875,181.41111653711621,13.39951888220142,47.50738509341707,50.312000000000005,0,-1.6656294996312049,False
2036,1.6775721867729243,906.6277718840784,140.21546534894966,1328.2592725904847,0.8939763852221707,284.2294538539139,191.123334792839,13.39951888220142,47.50738509341707,50.312000000000005,0,-1.775721867729243,False
2037,1.6871580711452598,905.5372894295434,140.44523682586347,1333.3353120653385,0.9095891422209146,307.1691841530161,199.96458023096685,13.39951888220142,47.50738509341707,50.312000000000005,0,-1.8715807114525984,False
2038,1.6953190123347641,904.116241828061,140.64020985306078,1338.211656795754,0.9250683739236858,329.8550928559664,207.83563452312214,13.39951888220142,47.50738509341707,50.312000000000005,0,-1.9531901233476412,False
2039,1.7020548137848963,902.3698387991489,140.79979191221315,1342.8780583254904,0.9403885085022936,351.89502376945825,214.67948609384607,13.39951888220142,47.50738509341707,50.312000000000005,0,-2.020548137848963,False
2040,1.7073695800374478,900.3163368732372,140.92410872339786,1347.3247910993744,0.9555245144143815,372.92507220697274,220.73644786025932,13.39951888220142,47.50738509341707,50.312000000000005,0,-2.0736958003744776,False
2041,1.7112730473481796,898.0200956839768,141.01394458047798,1351.5430680359943,0.9704519835792993,392.82450816208615,226.1604025579391,13.39951888220142,47.50738509341707,50.312000000000005,0,-2.1127304734817964,False
2042,1.7138666734733636,895.9325258182498,141.0885815682533,1355.5304084387956,0.9851478722506211,412.94487118145554,231.79546446761285,13.39951888220142,47.50738509341707,50.312000000000005,0,-2.1386667347336363,False
2043,1.7152393143591715,893.6630783802573,141.14817315381342,1359.294223313045,0.999591923417808,432.31026487978545,236.94260088599472,13.39951888220142,47.50738509341707,50.312000000000005,0,-2.1523931435917154,False
2044,1.7154441788836416,891.4041555783433,141.19054199367918,1362.8375878360257,1.013765391583159,450.66469728205874,241.81794981186067,13.39951888220142,47.50738509341707,50.312000000000005,0,-2.1544417888364165,False
2045,1.7145382725955856,888.9842089523099,141.21481365651454,1366.1642524004874,1.0276511697538875,467.972540860715,246.11085611012655,13.39951888220142,47.50738509341707,50.312000000000005,0,-2.1453827259558556,False
2046,1.7125659741787693,886.5325808198567,141.22076963095924,1369.2758914274546,1.0412333446157642,484.2032109007798,250.0196427072519,13.39951888220142,47.50738509341707,50.312000000000005,0,-2.1256597417876932,False
2047,1.7095811431002346,884.0007962882369,141.20987110677297,1372.1754949853648,1.0544973789822742,499.3261439106501,253.4268631037314,13.39951888220142,47.50738509341707,50.312000000000005,0,-2.0958114310023457,False
2048,1.7056327492094734,881.4344635369372,141.1829683236731,1374.8661162875542,1.0674299957303597,513.3658549335502,256.4123795244378,13.39951888220142,47.50738509341707,50.312000000000005,0,-2.056327492094734,False
2049,1.7007732798429551,878.8318303028511,141.14144085654374,1377.3516230372736,1.0800192055409283,526.3478652547722,258.9650483293613,13.39951888220142,47.50738509341707,50.312000000000005,0,-2.007732798429551,False
2050,1.695053802161244,876.2148385122854,141.08644956849326,1379.6363484343549,1.092254272586739,538.3261014627327,261.1369480647534,13.39951888220142,47.50738509341707,50.312000000000005,0,-1.9505380216124402,False
2051,1.6885261788316135,873.5920585360175,141.019272246588,1381.7252274300029,1.1041256999394706,549.3594814982231,262.9567761463342,13.39951888220142,47.50738509341707,50.312000000000005,0,-1.885261788316135,False
2052,1.6816598149601998,870.9858309830877,140.94174010457007,1383.6238287236129,1.115629392733171,559.8841581595553,264.6281384914732,13.39951888220142,47.50738509341707,50.312000000000005,0,-1.8165981496019978,False
2053,1.6745241889990448,868.4627332799306,140.8565359069788,1385.3387664929598,1.126766594538395,569.7891860477615,266.2784172643487,13.39951888220142,47.50738509341707,50.312000000000005,0,-1.7452418899904476,False
2054,1.6671778557761037,865.9377003969435,140.76350503725016,1386.8776416302276,1.1375398662341867,579.0482005095744,267.69916014411467,13.39951888220142,47.50738509341707,50.312000000000005,0,-1.6717785577610367,False
2055,1.659667569850726,863.4570390851433,140.66279760765417,1388.2468550912185,1.1479526873870582,587.7263316333805,269.0240950792433,13.39951888220142,47.50738509341707,50.312000000000005,0,-1.5966756985072594,False
2056,1.652035803920917,860.9916427643547,140.55469000901147,1389.4529249565526,1.1580093797404218,595.8338885505862,270.2225554984434,13.39951888220142,47.50738509341707,50.312000000000005,0,-1.520358039209171,False
2057,1.644317145935093,858.5551715727743,140.4393724404989,1390.5018659262237,1.1677149432881875,603.421621513387,271.5318476235471,13.39951888220142,47.50738509341707,50.312000000000005,0,-1.4431714593509293,False
2058,1.636541155013727,856.1319881945085,140.31692162217425,1391.3995154526056,1.177074914681242,610.5157246392114,272.9094821950842,13.39951888220142,47.50738509341707,50.312000000000005,0,-1.36541155013727,False
2059,1.6287305841330284,853.723548187155,140.18728447693425,1392.1512302278195,1.1860952304508787,617.1535032306044,274.3578067717074,13.39951888220142,47.50738509341707,50.312000000000005,0,-1.287305841330284,False
2060,1.6209035806802352,851.3224143276016,140.05043515997144,1392.762028547532,1.194782117306798,623.3631187313761,275.85717107054,13.39951888220142,47.50738509341707,50.312000000000005,0,-1.2090358068023521,False
2061,1.6130763458809734,848.9480580769257,139.90688407185323,1393.2366796415386,1.2031420103043013,629.2684460525655,277.49078451062195,13.39951888220142,47.50738509341707,50.312000000000005,0,-1.1307634588097337,False
2062,1.6052934511354016,846.7675986051737,139.76316658049254,1393.5816406770568,1.2111817470379325,635.6081721013533,279.88285619794794,13.39951888220142,47.50738509341707,50.312000000000005,0,-1.0529345113540156,False
2063,1.5976854196177237,844.7209805402456,139.62266980173231,1393.8072227853338,1.2189098792717525,642.2940144100035,282.8225305394965,13.39951888220142,47.50738509341707,50.312000000000005,0,-0.976854196177237,False
2064,1.5903138254344054,842.7942899508598,139.48520087065054,1393.923620735561,1.2263366646751217,649.2079486075085,286.2035333610083,13.39951888220142,47.50738509341707,50.312000000000005,0,-0.9031382543440536,False
2065,1.5831942991077088,840.9532073038573,139.34965813480434,1393.939953141663,1.2334729286581307,656.5278232160636,290.0239383516613,13.39951888220142,47.50738509341707,50.312000000000005,0,-0.8319429910770881,False
2066,1.5763355065578417,839.1876242118349,139.21531295470504,1393.8639860921267,1.2403295000058592,663.8748906321598,294.0824599153652,13.39951888220142,47.50738509341707,50.312000000000005,0,-0.7633550655784171,False
2067,1.5697328167739375,837.4566594292857,139.07999997228526,1393.7020978301287,1.2469170654754094,671.1679743651583,298.23502670578904,13.39951888220142,47.50738509341707,50.312000000000005,0,-0.697328167739375,False
2068,1.563381297112893,835.7742236998218,138.9436605908619,1393.459305131065,1.253245958963091,678.4514839105299,302.5399125675089,13.39951888220142,47.50738509341707,50.312000000000005,0,-0.6338129711289309,False
2069,1.5572696149267242,834.1002202694109,138.80512270681797,1393.1400987421266,1.2593261730371388,685.7759046398711,306.9268027829496,13.39951888220142,47.50738509341707,50.312000000000005,0,-0.5726961492672422,False
2070,1.5513843479360168,832.4497360216249,138.66403247011817,1392.7479140351513,1.2651672555287228,693.0286740337585,311.3846827516725,13.39951888220142,47.50738509341707,50.312000000000005,0,-0.5138434793601676,False
2071,1.5457074502899875,830.7932904932933,138.5194306699282,1392.2857278209292,1.2707782461315038,700.2595633329157,315.8590942336698,13.39951888220142,47.50738509341707,50.312000000000005,0,-0.4570745028998746,False
2072,1.5402267563167875,829.1697750030726,138.37227873881673,1391.756061909256,1.2761676982160721,707.4460635817634,320.4089470494924,13.39951888220142,47.50738509341707,50.312000000000005,0,-0.40226756316787515,False
2073,1.5349745626431013,827.5387493016825,138.22209656202537,1391.1617650285334,1.2813442124008347,714.6551045778348,324.96782238066953,13.39951888220142,47.50738509341707,50.312000000000005,0,-0.3497456264310128,False
2074,1.530114071099888,825.9214215130862,138.0688786455068,1390.5050244822376,1.2863181678305464,721.7930589623825,329.55219921066515,13.39951888220142,47.50738509341707,50.312000000000005,0,-0.3011407109988795,False
2075,1.5256024697201418,824.285994561131,137.91200214962907,1389.787921809733,1.291100921765522,728.895463163218,334.0974934849464,13.39951888220142,47.50738509341707,50.312000000000005,0,-0.25602469720141796,False
2076,1.5213984142974657,822.6454319764945,137.75125936840317,1389.0118961931696,1.2957027412409834,735.9047845244795,338.6124800308438,13.39951888220142,47.50738509341707,50.312000000000005,0,-0.21398414297465695,False
2077,1.5174619995272982,820.9794667325558,137.5861487259768,1388.1782181605774,1.3001329106853319,742.8306398768974,343.05097265582464,13.39951888220142,47.50738509341707,50.312000000000005,0,-0.1746199952729821,False
2078,1.513754749474956,819.2931693098185,137.41638916149506,1387.2876826868676,1.304399736330788,749.6427692242238,347.41449268310043,13.39951888220142,47.50738509341707,50.312000000000005,0,-0.13754749474955918,False
2079,1.5102401247055752,817.5761455974324,137.2416477791416,1386.3409081824357,1.308510628417615,756.3387914648966,351.6773032761551,13.39951888220142,47.50738509341707,50.312000000000005,0,-0.10240124705575226,False
2080,1.506883173267313,815.829076053326,137.0616862400784,1385.338224239835,1.3124721362365268,762.9034020381661,355.83689993779956,13.39951888220142,47.50738509341707,50.312000000000005,0,-0.06883173267312914,False
2081,1.5036511074573062,814.0485887755829,136.8762996768347,1384.2798188974707,1.3162900121216519,769.3439510078726,359.89336625522304,13.39951888220142,47.50738509341707,50.312000000000005,0,-0.03651107457306235,False
2082,1.5005147918328727,812.2411937581946,136.68566445046352,1383.1658245172794,1.319969274171809,775.7179553495635,363.9090405917627,13.39951888220142,47.50738509341707,50.312000000000005,0,-0.005147918328727297,False
2083,1.4974469474146759,810.3985125319901,136.48965031673143,1381.9964414154663,1.3235142928219734,782.0159191436637,367.86217427618334,13.39951888220142,47.50738509341707,50.312000000000005,0,-0.025530525853241226,False
2084,1.4944206411085907,808.5196557323569,136.2880347370417,1380.7716895597757,1.326928814423,788.2192454311735,371.74598889385885,13.39951888220142,47.50738509341707,50.312000000000005,0,-0.055793588914092584,False
2085,1.4914107470112736,806.600218418766,136.0805816212069,1379.491451863878,1.3302159927020891,794.3156545149238,375.54746998647795,13.39951888220142,47.50738509341707,50.312000000000005,0,-0.0858925298872637,False
2086,1.4883930137295027,804.6383545412982,135.86706813157969,1378.1554518519588,1.333378430399429,800.2923584707603,379.25985645339136,13.39951888220142,47.50738509341707,50.312000000000005,0,-0.11606986270497277,False
2087,1.485344104684555,802.6317928025045,135.64730426916674,1376.7632975445651,1.336418211580297,806.139263754827,382.87657172837646,13.39951888220142,47.50738509341707,50.312000000000005,0,-0.14655895315444978,False
2088,1.4822424209921885,800.5792203952889,135.42112942464325,1375.3145026604627,1.339336929585181,811.8473550595926,386.39399380062457,13.39951888220142,47.50738509341707,50.312000000000005,0,-0.17757579007811497,False
2089,1.4790674827594341,798.4795437790178,135.1884144988053,1373.8085171412538,1.3421357311665152,817.4091377145616,389.8098064374926,13.39951888220142,47.50738509341707,50.312000000000005,0,-0.20932517240565884,False
2090,1.4758001342835365,796.3321146171878,134.94905646423385,1372.244749271998,1.3448153476378022,822.8182164478707,393.1233341728426,13.39951888220142,47.50738509341707,50.312000000000005,0,-0.24199865716463487,False
2091,1.472422510362814,794.1366656175728,134.70297612779663,1370.6225863441327,1.347376130078777,828.0776465992906,396.3432970700533,13.39951888220142,47.50738509341707,50.312000000000005,0,-0.2757748963718609,False
2092,1.4689183078417325,791.8934362499134,134.45015144383237,1368.9414218874667,1.3498180832174766,833.2483550311289,399.53636060109176,13.39951888220142,47.50738509341707,50.312000000000005,0,-0.31081692158267504,False
2093,1.4652717894984637,789.5989345044675,134.19042769066803,1367.2006420520652,1.352140897628113,838.3168832018191,402.68999767814785,13.39951888220142,47.50738509341707,50.312000000000005,0,-0.34728210501536294,False
2094,1.4614675941490662,787.2515166240617,133.9236069109067,1365.3995429154938,1.3543439602702423,843.2701894631018,405.7963346239273,13.39951888220142,47.50738509341707,50.312000000000005,0,-0.3853240585093376,False
2095,1.4574908758278857,784.8494730707557,133.6495134990846,1363.5373444640225,1.3564263724395584,848.0972985415463,408.84838827973743,13.39951888220142,47.50738509341707,50.312000000000005,0,-0.42509124172114277,False
2096,1.4533273667748632,782.3917595392261,133.3679957886232,1361.6132074174964,1.3583869652069271,852.7887413954908,411.84146643065486,13.39951888220142,47.50738509341707,50.312000000000005,0,-0.46672633225136817,False
2097,1.448963700044013,779.8776720317416,133.07893191009862,1359.6262572737096,1.360224317110365,857.3365486609213,414.77245007308403,13.39951888220142,47.50738509341707,50.312000000000005,0,-0.5103629995598702,False
2098,1.444387189690268,777.3068693933681,132.78222638780477,1357.5756057095248,1.361936778407438,861.7340493826478,417.63971397216096,13.39951888220142,47.50738509341707,50.312000000000005,0,-0.5561281030973197,False
2099,1.4395859196514875,774.6792809676829,132.47780701754834,1355.4603678012302,1.3635224879659158,865.9757296944572,420.4428221735493,13.39951888220142,47.50738509341707,50.312000000000005,0,-0.6041408034851248,False
