#{"t_start": 1744514820.9868033, "env_id": "None"}
r,l,t
-202.591018,85,1.23026
-156.476291,85,1.602555
-157.830051,85,1.8742
-136.420338,85,2.14244
-166.329778,85,2.418335
-50.173657,31,2.593811
-58.958214,35,2.776347
-210.958183,85,3.044433
-166.277395,85,3.327503
-49.494381,29,3.493966
170.034817,85,3.766025
-71.085158,34,3.943717
-33.833925,85,4.215973
-60.103934,30,4.382274
-55.135155,32,4.552849
-73.77697,32,4.730986
-167.33519,85,5.003577
-187.250005,85,5.284213
-137.64742,85,5.55157
-196.943452,85,5.817186
-191.912011,85,6.091331
-53.529631,31,6.26758
991.260371,85,6.54775
996.055913,85,6.821158
-44.727115,85,7.0906
-61.411011,32,7.269463
-55.370293,30,7.443265
-41.383367,85,7.71906
-185.893027,85,7.984185
-59.954886,34,8.167801
-155.63583,85,8.452773
-155.813073,85,8.729722
-198.981341,85,9.012438
165.430152,85,9.30407
-162.361455,85,9.600377
-144.903049,85,9.921875
-43.658814,27,10.095311
-60.144946,31,10.276563
-160.531472,85,10.56416
-57.031102,28,10.739023
-54.698393,30,10.920415
-156.509535,85,11.229312
-195.177826,85,11.522875
-153.348145,85,11.814416
-201.582063,85,12.112105
-189.997701,85,12.427948
-177.507104,85,12.712188
-51.867988,30,12.88451
-169.188279,85,13.184225
-156.535335,85,13.484302
-172.597028,85,13.794905
491.446317,85,14.102501
358.560431,85,14.40847
-157.511584,85,14.704175
-145.111016,85,15.000439
-156.672911,85,15.296578
-200.775777,85,15.597404
990.499887,85,15.916131
-52.593357,29,16.092306
-44.65458,85,16.397882
372.165441,85,16.697073
158.846835,85,16.987956
-58.416728,33,17.182273
-200.411552,85,17.478376
-203.766903,85,17.792304
-51.558328,31,17.976593
-56.773296,33,18.174191
-157.882438,85,18.514796
-61.218468,33,18.70751
-164.0433,85,19.01
-70.767025,32,19.191741
982.698384,85,19.495724
-57.766235,30,19.678285
-62.117686,32,19.863413
-46.94747,85,20.180231
-57.895458,27,20.362845
-43.074486,85,20.659943
-59.578655,32,20.842426
-51.594845,30,21.022805
-166.363231,85,21.334328
275.362197,85,21.640604
755.730954,85,21.948255
-160.0754,85,22.238992
980.188297,85,22.559605
-173.287645,85,22.872145
-57.530727,30,23.055298
-188.905072,85,23.367865
683.684562,85,23.669636
-62.434252,31,23.856592
-50.773007,31,24.035438
-61.181805,33,24.220855
173.196985,85,24.515515
983.314876,85,24.819722
-58.065165,29,25.006226
-142.477245,85,25.295686
564.202065,85,25.609678
-201.68037,85,25.906993
979.095355,85,26.211174
774.29195,85,26.519246
-62.4595,31,26.700465
-56.389255,31,26.89138
-143.737174,85,27.206305
-51.687893,30,27.393026
-54.901006,30,27.572797
790.761559,85,27.881149
993.876611,85,28.18071
-53.02858,29,28.369112
-61.143486,30,28.555557
869.784397,85,28.876104
-56.756248,30,29.072903
-57.829514,27,29.247095
-52.637429,30,29.434721
852.842366,85,29.768516
968.757456,85,30.082323
-60.993137,33,30.27183
146.297341,85,30.589635
961.731221,85,30.898398
-66.818268,30,31.082685
355.652424,85,31.38486
356.791213,85,31.696121
861.092733,85,32.020637
458.667086,85,32.334646
-56.812041,29,32.510616
-187.131319,85,32.817733
-74.496083,36,33.014453
-177.643893,85,33.343855
-54.879601,28,33.524977
-55.658945,27,33.696181
-53.714521,28,33.872448
-33.665732,85,34.194715
-180.965773,85,34.530849
351.655712,85,34.846822
995.595264,85,35.170381
-181.27143,85,35.499782
-53.913306,28,35.67977
-153.036465,85,35.996491
977.913074,85,36.309087
976.820769,85,36.626942
-77.000408,31,36.817469
-69.449627,33,37.003386
-63.46959,30,37.191029
66.718111,85,37.504181
985.362966,85,37.815668
841.690234,85,38.13261
-75.101735,34,38.336763
-163.984163,85,38.638651
-69.767527,34,38.842667
-180.639617,85,39.159017
-66.111532,30,39.359015
-67.469287,29,39.548986
-196.231526,85,39.880329
969.76732,85,40.190939
971.602853,85,40.507474
-67.309865,27,40.690997
962.355002,85,41.007408
-126.579095,85,41.338135
-182.242354,85,41.66067
-239.440082,85,41.975285
942.603666,85,42.305711
-204.93085,85,42.626989
961.862518,85,42.939214
-59.912244,31,43.12348
-70.743063,30,43.310649
-54.74108,27,43.497013
950.140732,85,43.816082
-158.631941,85,44.148373
-151.853453,85,44.461426
-194.577287,85,44.763444
948.571069,85,45.097218
-34.76581,85,45.417771
945.492721,85,45.753208
435.446255,85,46.072727
961.528231,85,46.404839
960.67828,85,46.730932
-227.930274,85,47.052805
-215.372084,85,47.378846
-59.810319,28,47.565765
964.899305,85,47.881256
636.938817,85,48.201931
355.983216,85,48.519674
960.175179,85,48.861414
-59.977781,28,49.048054
937.626256,85,49.373031
966.13993,85,49.70209
-63.908174,27,49.878973
124.841433,85,50.202343
954.68659,85,50.529495
-68.447968,26,50.725104
-181.765045,85,51.05231
949.989742,85,51.385233
49.859244,85,51.716827
-92.559079,33,51.919265
746.07667,85,52.236174
-85.290098,33,52.434119
-74.357152,26,52.618765
-69.448489,28,52.813084
121.234869,85,53.142792
334.420724,85,53.466081
958.46219,85,53.790075
-66.584751,30,53.978905
-60.655114,27,54.157083
-4.363458,85,54.50867
942.146812,85,54.841483
969.041935,85,55.151057
-183.682706,85,55.470117
936.727473,85,55.794239
931.238832,85,56.116219
939.991597,85,56.449841
-197.348221,85,56.770188
930.711388,85,57.105565
869.303819,85,57.431401
934.027606,85,57.758301
525.161855,85,58.089991
960.564794,85,58.409163
-178.57383,85,58.740877
-206.887423,85,59.073586
932.148115,85,59.409357
264.314314,85,59.759316
943.859704,85,60.099323
900.405521,85,60.433796
869.756779,85,60.773579
909.872586,85,61.113268
-202.800265,85,61.453089
321.314892,85,61.762237
-67.905834,26,61.939228
-239.47275,85,62.260718
894.320911,85,62.591602
941.340765,85,62.909661
-66.815066,28,63.109227
-84.509714,32,63.306401
299.37325,85,63.651086
416.437287,85,63.986094
-109.208296,36,64.207833
929.978967,85,64.542841
894.818239,85,64.906331
931.543502,85,65.244269
-30.186565,85,65.577346
882.464174,85,65.904005
-176.266881,85,66.225862
-149.890182,85,66.564294
-246.319017,85,66.90732
-207.798471,85,67.251607
946.877636,85,67.596848
-72.86103,27,67.792489
926.877932,85,68.133735
943.529723,85,68.474391
885.500648,85,68.81948
911.351999,85,69.150443
82.73891,85,69.466372
872.306536,85,69.794624
890.13027,85,70.126321
-70.235075,27,70.311128
598.318105,85,70.645717
883.967045,85,70.987179
-128.240113,36,71.194384
879.829187,85,71.526858
-246.154895,85,71.866244
901.401241,85,72.186553
-75.346628,29,72.379413
898.932949,85,72.732165
882.50393,85,73.068296
927.521108,85,73.392835
45.899369,85,73.730571
877.513183,85,74.076391
529.860282,85,74.405748
-71.264793,33,74.607181
927.2824,85,74.951883
-261.608272,79,75.283967
877.469982,85,75.63639
-73.890994,26,75.815381
169.154104,85,76.137425
896.154507,85,76.483375
-77.675338,28,76.671019
869.907856,85,77.005774
-78.756312,25,77.187443
-71.935686,26,77.370606
-75.548281,28,77.556187
753.919388,85,77.901109
-77.611132,26,78.092069
884.207723,85,78.438567
891.748124,85,78.779606
836.702315,85,79.111716
877.91149,85,79.453731
-79.74938,27,79.641887
894.050387,85,79.975512
-227.779645,68,80.277462
478.78153,85,80.612606
856.473094,85,80.918122
-75.361587,25,81.08889
862.938134,85,81.416502
878.41916,85,81.752357
-102.970522,31,81.946005
-222.420322,85,82.276918
-226.921767,85,82.617916
-317.060332,85,82.931327
-100.679154,31,83.123703
-264.259714,85,83.462743
-86.143352,26,83.643516
-92.364012,26,83.828671
-98.768355,26,84.020004
-97.409077,27,84.215757
149.526228,85,84.564333
-85.996971,26,84.762381
-68.054651,29,84.945875
-237.582165,85,85.287687
-74.504522,26,85.480032
-96.838059,25,85.659651
-85.140546,27,85.851132
-83.366477,26,86.034932
-211.567821,85,86.387625
-188.526549,55,86.647559
-102.413296,28,86.83134
-222.761959,85,87.135882
-300.555701,80,87.47394
798.195452,85,87.823476
884.01413,85,88.172913
867.130726,85,88.516073
-108.284904,29,88.70919
865.345964,85,89.063333
-94.029445,25,89.246769
-266.874769,85,89.588869
-70.015141,30,89.785702
847.277563,85,90.141698
-252.568305,85,90.499429
-239.702495,85,90.838205
-104.522983,28,91.033445
858.216011,85,91.373758
-96.415647,28,91.566011
851.521558,85,91.913026
828.071167,85,92.254315
855.749873,85,92.592629
853.815064,85,92.944383
-224.548961,85,93.287029
875.013509,85,93.630184
-301.966091,85,93.975791
-247.622303,85,94.323773
-229.292199,85,94.670997
159.349023,85,95.023835
817.408968,85,95.367153
829.970834,85,95.71221
-99.259832,25,95.898001
-90.715634,25,96.073724
-92.936526,29,96.267992
-264.70355,85,96.631646
801.159791,85,96.97958
859.336786,85,97.321909
-119.16482,32,97.522171
861.726484,85,97.874248
-141.509065,36,98.08635
-336.455223,85,98.451161
829.465026,85,98.813179
-137.013743,37,99.034417
-306.064937,85,99.378783
-77.440268,26,99.578614
883.815667,85,99.921118
294.740509,85,100.260381
890.846456,85,100.611306
-104.197444,26,100.796568
-113.389633,30,100.988709
-93.382678,30,101.182583
356.643192,85,101.542025
835.021472,85,101.891625
-132.081474,33,102.100738
-263.305787,85,102.451471
874.971181,85,102.815213
-92.081796,26,103.006256
867.056251,85,103.366071
-316.006402,85,103.716166
846.832368,85,104.077332
-182.630642,85,104.420756
-102.530184,25,104.6031
-105.185804,31,104.803601
799.04893,85,105.145311
-105.308716,25,105.331407
-226.568548,85,105.664598
-87.148096,28,105.860704
-93.661381,27,106.052449
850.107949,85,106.416732
-296.055074,76,106.731385
819.895378,85,107.072229
-262.315487,85,107.413908
803.303405,85,107.754481
-145.355742,38,107.978863
-132.614222,38,108.199652
-109.087271,25,108.384562
771.156342,85,108.736131
-364.69924,85,109.079377
-145.576155,38,109.309269
-82.868027,27,109.502742
814.187702,85,109.86164
-110.793533,30,110.061109
-281.844269,85,110.402495
-217.063005,85,110.747553
843.042821,85,111.107247
-287.762085,75,111.416252
-93.142773,26,111.599316
846.707379,85,111.948505
834.030038,85,112.295221
-104.566931,29,112.499808
820.843783,85,112.870509
-360.421079,85,113.200046
845.494427,85,113.517603
857.711338,85,113.861459
777.765706,85,114.196106
-93.75925,25,114.367527
-317.418229,85,114.689223
-280.160253,85,115.027746
805.962925,85,115.367883
-110.348586,28,115.561077
459.136317,85,115.900766
-343.368511,85,116.251406
322.701708,85,116.605232
817.480066,85,116.963516
817.923982,85,117.325202
-158.303899,41,117.562463
-97.028722,25,117.746277
832.473065,85,118.110388
-107.828154,26,118.299494
-110.438487,28,118.490012
-360.948504,85,118.845549
-115.756204,28,119.043849
-110.66972,28,119.237655
-110.101044,27,119.441482
819.335306,85,119.795124
-315.153655,85,120.157453
-109.785503,30,120.345548
-94.134393,29,120.531791
797.325611,85,120.895175
788.859255,85,121.258403
-372.746594,85,121.612739
-290.340028,85,121.964206
88.675899,85,122.326734
-335.700802,84,122.665601
-97.720507,27,122.845309
822.575386,85,123.165673
-151.990798,37,123.382648
-229.779702,85,123.733423
813.51462,85,124.089532
-251.39544,85,124.435067
-308.80855,85,124.768863
-106.010004,25,124.952218
-97.500625,29,125.14555
829.110053,85,125.480744
804.465899,85,125.843106
823.203561,85,126.19954
-112.752481,28,126.396616
-101.25394,31,126.594899
431.840318,85,126.959443
-241.954049,85,127.309465
869.673006,85,127.646343
799.282544,85,127.973472
848.499866,85,128.336819
-297.129839,85,128.698828
-273.666183,85,129.048655
206.311008,85,129.411335
-325.260051,85,129.769597
-151.108535,35,129.985385
-282.972139,85,130.326778
-343.750155,85,130.676653
792.049872,85,130.988407
-105.308967,25,131.177235
-274.716969,85,131.514315
843.58427,85,131.874619
801.257067,85,132.231563
-286.004075,85,132.584229
802.757352,85,132.929539
-127.767982,30,133.128751
-94.420049,27,133.315065
-78.385688,25,133.492761
-352.447886,85,133.855679
-108.781309,27,134.045935
529.298289,85,134.416774
840.682343,85,134.771969
-122.7596,30,134.970642
-115.110526,31,135.171316
819.726582,85,135.516944
786.676688,85,135.876828
-122.137415,32,136.080764
846.891601,85,136.44377
-80.931132,26,136.624681
857.301082,85,136.976906
775.508273,85,137.336087
811.474207,85,137.689706
-102.307853,25,137.858104
783.456102,85,138.198742
595.131951,85,138.55352
814.937238,85,138.904436
-208.391926,53,139.177586
845.437033,85,139.521997
-308.178142,85,139.866774
799.538706,85,140.232726
238.954781,85,140.569052
808.669672,85,140.915368
-305.226188,85,141.27185
786.169913,85,141.627678
-99.68426,25,141.798973
838.895146,85,142.126409
-107.841993,29,142.321697
-310.501157,85,142.678747
859.830206,85,143.025774
798.559316,85,143.383124
557.842662,85,143.765414
814.635238,85,144.125342
-306.28018,85,144.49939
862.000233,85,144.85148
-106.078837,25,145.046927
871.795349,85,145.415649
-359.44291,85,145.772814
-293.277705,85,146.144123
850.447195,85,146.500026
-236.655365,85,146.855375
-92.298529,28,147.057283
-159.589527,41,147.268887
-106.003105,25,147.445261
862.488124,85,147.794678
-150.868284,43,148.021772
780.148112,85,148.384041
-108.912537,27,148.573081
-113.437762,28,148.773364
840.882066,85,149.142312
-100.011542,25,149.348917
852.043848,85,149.705661
801.413012,85,150.071066
-125.74892,35,150.281086
831.915058,85,150.64561
-97.287638,27,150.855328
-86.792745,28,151.050014
-278.14711,85,151.403631
-94.99815,26,151.589985
-105.409754,26,151.769241
-324.618382,85,152.086847
-99.972507,25,152.274857
840.683014,85,152.637023
799.4443,85,152.985135
797.045774,85,153.353528
812.005736,85,153.723039
816.893456,85,154.072433
793.680818,85,154.414149
790.577272,85,154.758898
-103.087243,25,154.949299
814.638175,85,155.297646
-126.208224,34,155.510342
780.035457,85,155.864005
-89.723702,26,156.061066
789.283776,85,156.42003
805.520413,85,156.769964
-259.474227,85,157.116114
-102.940485,32,157.307915
854.689799,85,157.615331
-93.729038,25,157.800865
-130.096038,33,158.003932
845.355149,85,158.368288
841.891566,85,158.727324
-100.087271,25,158.912995
798.250324,85,159.270868
731.209291,85,159.629259
795.938681,85,159.979549
89.381031,85,160.354726
-95.614131,31,160.548052
798.803873,85,160.871649
838.70059,85,161.192193
-112.229125,28,161.382077
819.594756,85,161.717224
-239.599728,85,162.083787
-109.010004,25,162.274356
-98.740474,26,162.4639
-274.332768,85,162.808861
-91.946824,28,162.999638
-110.536211,35,163.222565
-273.707504,85,163.560107
-88.012279,25,163.745028
-101.979565,26,163.932171
-253.073243,85,164.278435
-379.99935,85,164.625726
817.571821,85,164.94178
813.11868,85,165.295098
-116.091022,30,165.49714
-401.635643,85,165.842589
878.182684,85,166.189441
-96.821792,28,166.380421
-148.302794,85,166.749398
792.030545,85,167.102113
-94.044371,25,167.289394
-95.523508,26,167.480599
-93.161031,28,167.66615
809.946692,85,168.024082
789.186383,85,168.379517
838.415281,85,168.737817
-203.543943,54,169.000162
810.70456,85,169.355682
-116.55144,33,169.564675
783.404996,85,169.902484
-272.835336,85,170.245601
852.019504,85,170.609208
-98.803003,26,170.7975
-113.814072,30,170.992373
-268.579535,85,171.335656
-319.174667,85,171.702922
-98.014486,28,171.888171
-247.617686,85,172.225368
833.309303,85,172.57113
-222.978497,55,172.842363
790.18781,85,173.203081
-119.646028,30,173.39978
-353.02752,85,173.753388
-291.729038,85,174.137659
-102.557525,25,174.322943
-85.890513,26,174.517532
-293.291481,85,174.885847
-337.365316,85,175.224989
801.029996,85,175.573645
-81.628788,25,175.763157
258.948327,85,176.111749
-125.382479,32,176.308914
-110.125527,26,176.488688
-152.638175,85,176.844209
740.338468,85,177.180708
-123.991297,33,177.379618
760.434936,85,177.720967
-210.045692,54,177.980765
-92.845567,26,178.167531
-258.50973,85,178.525824
786.002367,85,178.874398
-299.578567,85,179.231139
-99.661191,25,179.41858
-93.615297,25,179.606313
-114.905179,27,179.800726
-108.778962,27,179.983395
-104.828295,26,180.167929
-102.608283,29,180.361119
-137.435545,39,180.589436
-106.079575,31,180.792046
-298.43761,85,181.156141
-103.070489,25,181.339865
817.267232,85,181.690091
830.388958,85,182.049177
-113.52404,28,182.239455
-104.131933,26,182.427177
-91.207082,27,182.620204
-99.836648,25,182.808496
-276.939999,85,183.168837
789.300075,85,183.533615
-220.658943,85,183.886781
-105.817787,27,184.082923
-301.175676,85,184.437601
812.847363,85,184.801969
-332.195808,85,185.175411
768.897462,85,185.536244
-107.459573,28,185.737622
-300.047519,85,186.082815
-124.109324,31,186.284255
-103.087271,25,186.467651
-96.913392,25,186.666986
-118.270976,34,186.882273
-328.611341,85,187.240852
-75.760758,27,187.4296
794.473552,85,187.793051
-100.814359,30,187.977617
-105.819573,31,188.190334
846.121305,85,188.553201
-239.565206,59,188.829435
-107.030214,26,189.023875
840.467674,85,189.390011
-98.463275,26,189.573072
835.630822,85,189.913849
815.773977,85,190.269124
-150.84137,39,190.482113
830.248638,85,190.847779
824.006927,85,191.169914
-120.318142,32,191.354877
-133.018395,33,191.546761
-96.053267,28,191.736591
-311.603551,85,192.097899
-97.015174,25,192.284988
861.761209,85,192.642975
-107.872132,33,192.866548
-310.847645,85,193.230066
781.139714,85,193.583385
913.982855,85,193.891453
-91.124338,27,194.071255
823.691462,85,194.426597
-108.774461,27,194.615038
-323.536419,80,194.950281
-96.273811,27,195.136713
807.648253,85,195.502154
-316.709175,85,195.849748
838.083121,85,196.190179
-106.090405,25,196.374615
-109.087271,25,196.562603
-115.104136,32,196.778307
845.648509,85,197.1369
-104.729617,30,197.336647
-349.845746,85,197.693841
-108.687525,27,197.869082
806.947282,85,198.228237
862.950073,85,198.586982
798.560085,85,198.967983
-173.389499,46,199.208225
-102.695769,27,199.4055
860.839323,85,199.757062
-128.215626,32,199.969525
-95.426804,26,200.164392
-85.026696,25,200.356201
825.604266,85,200.740261
802.734242,85,201.122982
845.868647,85,201.448819
-120.5555,31,201.664305
-111.226721,26,201.860445
-121.550765,37,202.103576
-94.070505,25,202.339565
-313.182742,85,202.680883
-97.56755,33,202.887929
867.904276,85,203.232391
312.346182,85,203.570055
811.730004,85,203.897954
839.725365,85,204.220491
-171.627171,85,204.566246
771.946456,85,204.926451
-321.153067,85,205.293413
796.689948,85,205.64167
799.388269,85,205.995388
826.617249,85,206.351103
-254.001132,85,206.6719
360.733271,85,206.98098
-95.376018,26,207.171493
-105.900731,28,207.373706
-112.872699,28,207.579357
-97.7851,28,207.786309
-244.500104,85,208.135839
810.031946,85,208.479196
-242.641462,85,208.825264
-383.169875,85,209.15822
172.661984,85,209.472686
849.292687,85,209.845613
841.447406,85,210.20809
-320.00478,84,210.543586
-302.206114,85,210.898281
816.733557,85,211.245541
-287.464971,85,211.579483
844.870677,85,211.901234
-183.43726,47,212.136566
-241.688186,67,212.44207
-333.78114,85,212.792449
-137.051217,32,212.999543
-100.010147,25,213.185818
-286.641294,85,213.595141
-290.104429,85,213.933646
820.737926,85,214.268809
-318.446352,83,214.608856
821.215898,85,214.916443
-113.21853,28,215.101249
-87.703994,25,215.293319
808.079703,85,215.640344
-102.680748,25,215.818469
-110.827844,26,216.012675
782.178557,85,216.376501
-100.000028,27,216.578414
817.068405,85,216.928556
-100.044111,25,217.123528
806.061331,85,217.470906
-212.372868,59,217.754067
829.503165,85,218.116458
-113.218478,28,218.303263
-94.011526,25,218.483601
-266.496296,71,218.800487
354.683199,85,219.153335
-259.59916,85,219.472661
-102.357174,25,219.656828
-233.809513,85,220.003903
-109.087271,25,220.189318
-93.074485,26,220.375109
778.267314,85,220.754079
826.095812,85,221.115723
842.843112,85,221.436805
-117.189872,29,221.622547
807.019304,85,221.994503
782.825993,85,222.339304
749.809628,85,222.859562
-86.603431,26,223.048576
796.279249,85,223.421289
-93.976923,25,223.6219
-267.79594,85,223.984419
-276.211254,85,224.326573
-326.196153,82,224.657057
-87.03017,26,224.838984
744.198973,85,225.168571
755.975684,85,225.528717
-151.898949,37,225.752621
765.680047,85,226.101881
-282.868692,85,226.463012
-103.069195,25,226.648376
-97.306944,27,226.84949
-313.489036,85,227.212242
758.866944,85,227.57489
-296.903458,85,227.904028
768.49439,85,228.295374
-332.640421,85,228.663804
801.064246,85,229.027055
786.249119,85,229.398563
-250.853521,64,229.707239
-327.727114,85,230.116652
805.084166,85,230.487116
801.541129,85,230.854538
-106.129949,29,231.050547
804.591829,85,231.381258
874.002183,85,231.736409
-97.624777,27,231.939753
-315.680374,85,232.30934
-101.676644,32,232.522469
376.473505,85,232.873707
856.095639,85,233.247373
782.921739,85,233.63155
837.623087,85,233.987863
834.959738,85,234.337289
-131.693312,35,234.557981
-89.541779,26,234.759972
813.898634,85,235.136787
-130.294678,36,235.355781
822.762707,85,235.800941
792.189826,85,236.179117
820.550188,85,236.517
-146.645168,37,236.738917
-92.117794,26,236.958889
803.922997,85,237.334893
-306.506409,84,237.690444
-102.499557,25,237.879916
-327.627122,85,238.286939
763.643878,85,238.656878
-295.803124,85,239.004423
-95.852428,29,239.196661
-312.680397,85,239.544194
785.255058,85,239.895745
781.228187,85,240.238646
794.400443,85,240.60678
820.146464,85,240.944512
-212.446249,54,241.209218
-101.122299,26,241.415018
-356.826236,85,241.796694
-350.025682,84,242.339724
-265.302611,85,242.633539
813.328084,85,242.94664
-340.585477,85,243.236533
-305.617854,85,243.547284
155.771761,85,243.836891
780.838836,85,244.147358
-99.867642,27,244.321942
-268.91637,85,244.632069
-269.910746,85,244.947462
-286.653038,85,245.266774
-102.876189,25,245.441912
-75.472166,85,245.771844
823.08672,85,246.114111
-95.835664,26,246.282127
-87.912121,27,246.4549
-101.842043,26,246.642248
-95.496727,26,246.823884
800.157333,85,247.193146
-116.217018,30,247.403283
-98.901278,26,247.614814
-278.760498,85,248.009173
-309.517418,82,248.387026
706.274046,85,248.781738
-120.317168,33,249.002229
-346.573824,85,249.392839
-282.501838,85,249.807421
-130.08231,31,250.044257
-83.877976,26,250.25124
-97.010004,25,250.479242
-93.206864,26,250.70624
831.781884,85,251.130409
-90.597365,25,251.338278
845.292801,85,251.736294
-90.444097,25,251.966254
-99.443364,25,252.196407
809.650864,85,252.610247
774.982384,85,253.011348
783.296169,85,253.433844
-167.867134,85,253.829269
776.581328,85,254.195181
-96.308716,25,254.407608
-82.395713,30,254.62302
820.154611,85,255.023291
768.381929,85,255.430131
825.51361,85,255.860315
-109.66023,28,256.086277
-106.087615,25,256.301034
788.953682,85,256.687613
-102.308967,25,256.907597
-281.573954,85,257.320036
-258.253629,85,257.715238
-359.981988,85,258.131803
763.081452,85,258.509161
800.935635,85,258.915128
-268.581456,85,259.307001
820.745289,85,259.682014
813.418667,85,260.077462
783.665441,85,260.483359
-290.922193,85,260.864724
-100.81795,27,261.080371
-84.773603,25,261.310369
791.010805,85,261.712655
-183.370751,49,261.996238
851.903062,85,262.383405
651.095843,85,262.784065
874.52188,85,263.17095
-272.903452,85,263.551347
44.034966,85,263.935983
-101.626358,28,264.158361
797.221823,85,264.560647
-164.536209,39,264.801915
-89.876151,26,265.019537
-278.767791,85,265.437728
-309.593422,85,265.823569
155.881084,85,266.23823
-124.164401,29,266.472451
794.871463,85,267.04771
-119.702049,30,267.253692
-96.87794,25,267.462401
809.141296,85,267.800566
-305.886277,85,268.164329
-353.569803,85,268.510531
789.544591,85,268.875622
-135.23141,36,269.148322
761.850367,85,269.532209
-212.78132,85,269.89924
772.03621,85,270.303406
-123.448848,36,270.541871
-160.705958,41,270.852762
811.855625,85,271.315744
770.002934,85,271.784281
-224.428031,54,272.073161
817.168046,85,272.416172
829.467151,85,272.742425
-98.785574,26,272.932364
850.602092,85,273.422637
620.889389,85,273.798628
789.613367,85,274.207654
836.275488,85,274.529534
777.752731,85,274.862487
-125.774883,32,275.063898
-96.648652,30,275.25192
843.352669,85,275.570132
-107.633536,28,275.753501
-322.268522,85,276.068588
-367.672681,85,276.402642
822.528076,85,276.744078
812.34424,85,277.122058
834.752715,85,277.510217
777.799021,85,277.857876
798.454689,85,278.172715
772.794191,85,278.488031
822.083686,85,278.78494
-253.300143,85,279.093594
-121.421416,31,279.278156
810.953278,85,279.602193
-100.144463,29,279.777936
808.53699,85,280.097225
795.418995,85,280.479661
-257.649855,85,280.813924
-46.081296,85,281.139995
784.359251,85,281.461616
787.415688,85,281.797911
813.524205,85,282.123991
813.796301,85,282.444827
832.832405,85,282.811507
835.658252,85,283.15475
-255.110579,85,283.478659
756.991628,85,283.817465
-184.541729,47,284.084047
-106.051599,25,284.263231
-84.400989,25,284.451164
231.213127,85,284.810418
-297.394269,85,285.150491
-116.55834,28,285.381387
-76.797545,29,285.627824
-323.853462,85,285.98107
811.068953,85,286.326277
-302.470694,85,286.677737
788.666197,85,287.021541
825.108321,85,287.441311
400.089817,85,287.790924
-287.241078,76,288.090763
-100.063856,25,288.262841
-21.856316,85,288.564814
828.199167,85,288.952318
-248.984052,61,289.221434
-84.420478,30,289.425768
-329.333276,85,289.781837
754.570966,85,290.132846
-119.668842,34,290.333069
-103.231644,29,290.515706
-261.499213,85,290.864669
-264.919761,67,291.15643
877.5923,85,291.518495
796.76359,85,291.93174
-328.663271,85,292.285466
-134.751886,39,292.514793
-284.558652,85,292.938288
-331.954736,85,293.296078
-235.556373,85,293.620069
-276.887981,85,293.92321
820.192298,85,294.255506
836.364033,85,294.604328
806.625553,85,294.928829
-345.49226,85,295.274662
764.278625,85,295.626878
813.179714,85,295.942217
-128.337684,37,296.15766
796.893492,85,296.505841
770.742199,85,296.871794
-219.521578,57,297.306853
811.761402,85,297.613104
-103.990646,26,297.785151
856.774671,85,298.111231
550.141381,85,298.4199
-111.708315,34,298.626192
805.502115,85,298.933866
-354.419657,83,299.250848
785.641705,85,299.56098
159.827365,85,299.8579
-335.286531,85,300.160907
798.065618,85,300.46827
-129.287731,37,300.67169
-113.648356,28,300.854418
-98.89411,26,301.051147
-292.00751,85,301.487095
-94.015962,25,301.665157
-81.198129,85,301.974304
-103.081192,25,302.150206
-106.087271,25,302.321922
775.913184,85,302.651978
-74.008648,26,302.827904
-349.785615,85,303.13255
-342.248784,85,303.419336
-105.868525,27,303.593227
783.146703,85,303.896407
-105.308967,25,304.077685
-101.826051,26,304.253049
-86.948127,28,304.425548
780.221007,85,304.731393
824.706678,85,305.041802
-123.287456,29,305.228665
-89.658396,26,305.406298
799.447632,85,305.727374
-106.087271,25,305.902955
-301.142893,85,306.231096
827.929693,85,306.597639
792.324284,85,306.925688
812.258933,85,307.274971
-272.264261,85,307.639324
332.762678,85,307.95953
813.606392,85,308.331182
-278.498401,85,308.67434
-98.718896,26,308.875154
853.459107,85,309.220008
817.409859,85,309.561538
-285.513639,85,309.903392
-244.344584,63,310.207262
-314.641898,85,310.64031
-114.11472,34,310.868839
306.977965,85,311.171649
829.76175,85,311.466233
-107.828154,26,311.644691
845.284073,85,311.956527
-107.590698,28,312.126329
-105.775015,27,312.301127
767.426291,85,312.604188
786.856996,85,312.898992
822.169966,85,313.202355
-281.461306,85,313.496939
-285.400509,85,313.797817
838.988629,85,314.092259
797.045437,85,314.397496
853.186123,85,314.73864
811.014314,85,315.077937
798.576483,85,315.398856
800.409844,85,315.730484
837.169059,85,316.077522
-140.930519,34,316.2796
-110.033859,26,316.458894
802.653367,85,316.807731
-95.823164,32,317.010766
833.989776,85,317.362973
-130.806871,35,317.580348
806.673601,85,317.930188
-322.691165,85,318.301662
-321.426329,85,318.642989
813.690329,85,318.958301
776.382158,85,319.3193
-8.599355,85,319.68119
841.071928,85,320.027634
-267.428239,85,320.37919
795.710212,85,320.720712
-106.087271,25,320.918639
-90.531606,25,321.103091
771.443222,85,321.457731
754.918461,85,321.807721
-100.015422,25,321.990555
757.861278,85,322.340378
-291.688253,85,322.684571
838.527953,85,323.037956
775.192192,85,323.391496
732.859784,85,323.752976
779.329541,85,324.084641
-106.65372,28,324.271708
741.002016,85,324.597448
-106.470146,31,324.79668
843.645825,85,325.161711
323.510861,85,325.49599
-254.885837,85,325.816806
-95.879235,26,325.991536
757.295905,85,326.351106
-319.264976,85,326.691687
-258.045004,85,327.038947
855.725643,85,327.38527
842.651983,85,327.738929
798.900312,85,328.08503
-108.545226,32,328.274981
800.152373,85,328.598588
836.625152,85,328.991737
-130.572569,33,329.208743
-99.027555,31,329.412875
272.471064,85,329.786295
17.358133,85,330.143554
762.520977,85,330.461644
423.915071,85,330.843644
834.101799,85,331.235843
845.388153,85,331.609233
-175.207181,45,331.854254
-105.600441,29,332.053115
785.204545,85,332.430553
807.621714,85,332.80081
561.185389,85,333.139354
-263.66927,85,333.450828
816.616589,85,333.818831
853.480836,85,334.154919
-113.210162,30,334.352008
-96.804631,25,334.538533
-321.986377,85,334.915101
-104.029361,26,335.115152
787.987274,85,335.479841
-201.814392,57,335.757348
-276.793758,85,336.101149
-207.316457,85,336.456925
-281.089168,85,336.818378
768.279387,85,337.159225
802.899024,85,337.483907
861.359233,85,337.834702
-235.004694,85,338.193101
754.147364,85,338.553772
-136.893849,38,338.786106
-100.438014,29,338.998517
811.916783,85,339.415346
770.337317,85,339.764718
-113.422481,30,339.973999
814.925979,85,340.326732
777.4967,85,340.717034
-101.950147,26,340.910772
746.07628,85,341.276356
-96.308716,25,341.490974
-97.087271,25,341.680913
-94.087271,25,341.873045
-92.612435,26,342.079981
800.960394,85,342.439908
871.172887,85,342.84537
-111.604565,34,343.067634
-282.213918,85,343.413864
776.039097,85,343.771126
-257.007869,85,344.128495
-131.111662,35,344.330811
-299.077691,85,344.691654
808.192843,85,345.032268
-82.660408,32,345.266093
-237.923937,57,345.545392
-96.957099,25,345.742237
-93.794183,25,345.924748
-89.793399,26,346.11236
767.104434,85,346.485835
-147.571545,40,346.71493
-98.645134,31,346.91695
-89.421672,26,347.115227
769.937077,85,347.478186
871.702737,85,347.83308
-125.054218,30,348.033491
796.160921,85,348.401115
784.93233,85,348.783985
815.886456,85,349.158947
824.081393,85,349.496628
-56.258085,85,349.861958
-100.647222,33,350.090161
836.039814,85,350.44406
-87.179501,31,350.644176
476.290544,85,350.986823
887.750171,85,351.339447
765.682465,85,351.695261
828.696829,85,352.057044
-90.212215,26,352.239505
834.68757,85,352.585505
-92.218065,26,352.772667
780.682167,85,353.142022
-123.956686,31,353.341126
-222.658872,56,353.603292
-262.872284,85,353.965144
-109.087271,25,354.151293
854.761611,85,354.503212
825.352725,85,354.867648
806.952391,85,355.214203
-312.730451,85,355.567843
822.922672,85,355.918874
-91.355719,29,356.118571
840.465713,85,356.462587
819.448095,85,356.823972
-45.413463,85,357.174343
-92.104358,28,357.367584
758.105784,85,357.721797
798.634837,85,358.096294
103.887652,85,358.403274
837.503759,85,358.745857
773.190515,85,359.100453
818.308999,85,359.412211
-378.943053,85,359.749146
817.635724,85,360.099837
-92.477401,28,360.286515
775.248563,85,360.609674
-262.252295,85,360.952305
-237.222845,85,361.294008
817.742638,85,361.649243
-299.634997,85,362.017846
784.605929,85,362.378188
-119.64603,30,362.576809
-101.951371,28,362.773381
784.591625,85,363.139348
345.513889,85,363.505851
762.303943,85,364.047775
844.85574,85,364.358662
818.929999,85,364.669289
822.75377,85,364.972592
-97.009987,25,365.136568
764.462446,85,365.43589
825.54288,85,365.745684
837.643984,85,366.053486
-284.869338,85,366.357033
763.627754,85,366.67919
783.640468,85,366.987563
799.778612,85,367.312643
428.555767,85,367.629033
-90.38208,25,367.798656
832.340999,85,368.133344
-214.086161,58,368.409438
831.28531,85,368.740556
-350.998203,85,369.082455
785.109302,85,369.397965
-113.115055,34,369.60264
-132.802914,85,369.940514
772.233819,85,370.284501
815.273665,85,370.612551
836.278741,85,370.919128
798.082307,85,371.274113
732.39789,85,371.603734
-267.309503,85,371.916969
868.50062,85,372.255847
344.533476,85,372.613183
-90.880794,27,372.788937
814.617493,85,373.111502
32.900727,85,373.459542
825.086296,85,373.842746
815.386218,85,374.214768
865.384347,85,374.563875
-285.368971,85,374.924856
-250.063275,85,375.272206
792.052042,85,375.651639
894.574377,85,376.036484
798.027884,85,376.375958
830.265563,85,376.770184
-126.441016,31,376.984703
-103.090331,27,377.181638
819.561846,85,377.534131
-242.559058,85,377.859472
836.763135,85,378.217515
811.173074,85,378.573675
-126.951088,31,378.787521
803.289249,85,379.149684
757.667311,85,379.500252
-95.817215,26,379.679989
865.349687,85,379.995155
803.526008,85,380.35587
-322.006397,85,380.697623
849.953019,85,381.045433
802.808861,85,381.370222
579.905448,85,381.707735
-123.613045,36,381.917382
-94.088328,25,382.106149
844.456467,85,382.454988
805.24632,85,382.832877
798.361887,85,383.186427
-102.794335,25,383.379431
765.04863,85,383.743327
-122.329376,33,383.950888
756.657736,85,384.316468
794.709606,85,384.673024
-260.763812,71,384.991935
-94.064215,25,385.180115
-97.007969,29,385.37211
805.951382,85,385.720065
812.000749,85,386.076838
780.518705,85,386.41786
805.012184,85,386.781747
823.795626,85,387.128726
-102.94862,27,387.307579
-96.906843,27,387.481863
-263.353727,85,387.861678
-90.753381,25,388.050301
766.881727,85,388.418844
-351.862702,85,388.775427
-220.623199,85,389.104323
855.065821,85,389.42403
-263.669054,85,389.796782
791.621585,85,390.142052
838.951872,85,390.471961
823.521061,85,390.840005
-99.844866,30,391.060482
829.02388,85,391.444226
843.08314,85,391.814151
880.86569,85,392.15443
803.24029,85,392.47875
-175.95797,47,392.728776
-103.038323,25,392.910459
-105.308716,25,393.09314
-279.056292,85,393.47734
-154.473014,46,393.727128
-331.667335,85,394.070942
815.319454,85,394.421734
-105.308716,25,394.602784
-106.166628,29,394.797362
-95.627697,26,394.983367
-103.070387,25,395.168525
844.043415,85,395.529296
799.660762,85,395.880416
-92.51555,26,396.075842
-300.691481,85,396.43276
-12.012823,85,396.903013
-122.302973,32,397.120831
-7.548129,85,397.444983
846.308583,85,397.755804
867.58021,85,398.102062
790.511823,85,398.432428
811.62031,85,398.735482
-107.125526,26,398.909721
813.463177,85,399.223394
-84.754457,25,399.403216
-90.538872,25,399.584193
-101.147739,26,399.752332
815.72788,85,400.077162
825.075595,85,400.381915
351.255783,85,400.69368
-102.852817,27,400.875346
-97.939919,27,401.060497
831.891327,85,401.403043
-138.415568,38,401.609812
817.730655,85,401.944995
-92.0132,26,402.132552
-96.798545,85,402.46914
-109.010004,25,402.648863
814.244229,85,402.997324
771.989477,85,403.33305
-314.690777,85,403.684148
870.59972,85,404.060312
-97.083508,25,404.238456
-89.372361,28,404.43083
-293.703747,74,404.759475
-264.288674,85,405.096454
819.431179,85,405.408798
-259.584168,85,405.777012
138.91023,85,406.106401
825.460581,85,406.430699
841.278106,85,406.795886
-272.960232,85,407.162207
-114.911886,27,407.362905
833.060414,85,407.757455
-261.742933,85,408.132001
781.319023,85,408.497484
836.945712,85,408.891397
-269.756774,78,409.22211
-258.829048,85,409.599953
854.987884,85,409.996709
-110.027896,30,410.213399
818.085539,85,410.592266
829.051454,85,410.966541
-93.838874,25,411.17285
-110.768674,30,411.562518
860.916722,85,411.882785
789.875739,85,412.182252
-274.179739,85,412.494347
-260.648776,85,412.796807
788.405018,85,413.105162
-116.66972,28,413.293703
860.268454,85,413.676801
765.137052,85,413.994536
839.625635,85,414.337331
806.256834,85,414.666474
-106.087271,25,414.844758
834.342661,85,415.184602
-156.78473,42,415.419157
791.379039,85,415.778046
-317.359093,85,416.137649
-355.888177,85,416.455834
767.5413,85,416.784348
-302.112589,85,417.106661
804.922564,85,417.419885
-277.393693,71,417.785657
-286.453303,85,418.14931
-221.080733,59,418.449586
-346.026089,85,418.826302
-195.039377,56,419.117321
805.090893,85,419.463702
-257.844555,85,419.799557
864.967903,85,420.1627
817.422515,85,420.536861
-94.004924,25,420.726354
-101.854644,26,420.905635
-113.969881,34,421.114731
-87.932467,25,421.311732
-118.245185,33,421.525396
853.797596,85,421.908967
865.792787,85,422.287306
855.67644,85,422.623064
786.387925,85,422.969522
-77.825966,28,423.172419
823.839882,85,423.588012
-99.876528,25,423.780332
-319.421654,85,424.17958
-96.992704,25,424.366491
-109.010004,25,424.554711
-113.338805,30,424.759369
801.073394,85,425.164742
-100.04697,25,425.359839
821.092419,85,425.741228
-301.43385,85,426.120507
830.792459,85,426.464882
-256.564442,85,426.823788
829.533797,85,427.191546
835.92045,85,427.539471
823.258145,85,427.877187
868.732408,85,428.254498
804.230307,85,428.636156
-288.100708,85,429.036543
785.132569,85,429.404432
-313.557217,85,429.785654
748.630706,85,430.153669
854.864117,85,430.480303
-105.308967,25,430.653153
791.696705,85,431.031753
808.966391,85,431.482646
832.453685,85,431.89257
-123.071587,34,432.100528
115.70515,85,432.472871
806.65126,85,432.856933
-91.021547,27,433.062913
801.938548,85,433.457761
807.514567,85,433.801934
-108.539324,32,434.025985
810.202667,85,434.406497
-144.077689,42,434.642843
815.928771,85,435.066026
-98.186936,26,435.260238
-103.062131,25,435.443704
-102.339767,25,435.633346
-103.046331,25,435.807936
-119.648356,28,435.999439
-99.269242,28,436.197662
-109.010004,25,436.384192
855.136128,85,436.725792
-351.171059,85,437.052748
837.434725,85,437.393345
-102.282926,25,437.584767
-89.24611,29,437.784173
-283.70289,85,438.147628
796.778008,85,438.517165
804.900292,85,438.865732
814.389983,85,439.230968
-98.677314,28,439.435339
-256.86378,64,439.734586
733.217452,85,440.090541
-336.654106,85,440.405472
-279.566284,85,440.784901
-99.300294,25,440.964114
859.892924,85,441.32324
-102.905178,27,441.52122
-323.228499,85,441.970608
832.153072,85,442.376767
836.802054,85,442.712763
833.138672,85,443.096167
760.796702,85,443.450022
-315.014743,83,443.799542
840.882799,85,444.161677
18.950855,85,444.515635
821.306793,85,444.875796
846.210321,85,445.215566
-88.418205,29,445.440958
810.471133,85,445.843459
10.327123,85,446.229842
803.956038,85,446.571907
787.38767,85,446.898246
103.950602,85,447.277093
813.169079,85,447.661923
808.515747,85,448.013085
773.256027,85,448.391719
806.943424,85,448.741255
838.938847,85,449.098144
812.156293,85,449.416213
142.791053,85,449.77396
804.085821,85,450.131209
-264.625875,85,450.489984
793.488583,85,450.866729
-305.396413,85,451.235336
-324.237133,82,451.593261
831.401681,85,451.943069
834.80784,85,452.283337
-319.50023,85,452.650441
823.382622,85,453.018353
720.143344,85,453.431997
859.886123,85,453.827191
802.947327,85,454.269364
834.204624,85,454.644104
813.884185,85,455.00533
805.832487,85,455.369067
850.081151,85,455.753232
-330.401181,85,456.118116
-262.482038,67,456.431316
779.526758,85,456.829962
52.886833,85,457.189354
820.768221,85,457.604922
829.480715,85,457.960912
865.320223,85,458.309258
119.772468,85,458.679945
-243.406889,85,459.061862
-109.010004,25,459.23964
825.669066,85,459.620665
766.247613,85,460.017069
825.452792,85,460.401565
-204.408557,54,460.672528
-191.297734,85,461.184054
-256.504889,85,461.477554
-296.269158,85,461.774853
-264.725208,85,462.077731
783.910264,85,462.391389
729.302859,85,462.687354
-306.507781,85,463.000519
-283.041532,85,463.293214
400.58266,85,463.599656
869.282814,85,463.894349
-122.709699,38,464.09211
812.189963,85,464.411144
801.244078,85,464.732098
-317.934892,85,465.025223
-140.026897,37,465.286718
778.50808,85,465.63182
-269.132745,68,465.934238
802.994896,85,466.251825
791.799089,85,466.591907
-307.423155,85,466.911916
804.538882,85,467.287723
799.327322,85,467.644928
841.241513,85,468.019804
-305.824527,85,468.396451
765.2278,85,468.769861
-321.209653,85,469.148758
808.060599,85,469.551916
814.368831,85,469.924326
842.160432,85,470.315983
829.814274,85,470.720756
-330.388905,85,471.086655
782.692298,85,471.476118
-100.831211,32,471.685537
-225.873901,85,472.020536
783.238748,85,472.384605
-207.104005,57,472.664971
-104.648271,28,472.855344
-109.010004,25,473.053797
850.404113,85,473.433422
-287.829496,85,473.818568
-265.209851,85,474.167508
804.237077,85,474.54463
870.850848,85,474.932303
823.471443,85,475.298047
871.442969,85,475.682342
-156.830912,85,476.065544
-333.548747,85,476.436877
831.873592,85,476.830841
843.44477,85,477.205616
767.152527,85,477.603638
823.975653,85,477.98719
-320.975178,80,478.348639
815.820186,85,478.69147
840.670267,85,479.03279
765.332894,85,479.367645
874.327818,85,479.721546
-93.585849,25,479.904836
-84.910835,27,480.095875
824.432959,85,480.467568
-335.722608,85,480.834863
816.013858,85,481.197061
-258.051997,85,481.537744
825.075338,85,481.87851
831.439077,85,482.234513
-330.162644,85,482.576676
783.180427,85,482.914215
813.033077,85,483.26991
-377.060892,85,483.604852
368.392504,85,483.969737
850.799297,85,484.342453
868.802929,85,484.703749
-215.990279,53,484.959845
-97.081752,25,485.160965
-90.090689,26,485.356364
811.859324,85,485.717555
-299.851596,85,486.085011
809.223357,85,486.441433
783.598976,85,486.793704
808.042107,85,487.157901
-320.789248,79,487.492633
755.444449,85,487.865165
807.397848,85,488.248556
742.230899,85,488.600384
814.529914,85,488.911651
798.204439,85,489.252121
784.566475,85,489.58919
-323.492597,84,489.892084
794.108216,85,490.252395
781.107636,85,490.617784
804.436645,85,490.971014
-240.87569,85,491.346344
878.602885,85,491.69716
841.266008,85,492.055146
789.56688,85,492.464703
851.887282,85,492.844676
850.394252,85,493.224897
846.323907,85,493.601518
801.396418,85,494.001962
843.203058,85,494.376805
-254.863516,67,494.67375
-325.21444,85,495.018882
-321.593735,85,495.340476
839.840497,85,495.706907
868.755361,85,496.076322
-332.476439,85,496.433948
780.898782,85,496.797481
764.176577,85,497.155837
780.182977,85,497.520679
847.585018,85,497.868001
830.407369,85,498.221092
-297.07622,85,498.578252
833.644231,85,498.897131
858.504542,85,499.267404
-167.050403,51,499.514838
832.445941,85,499.848526
-103.022386,25,500.03724
-108.912023,27,500.226982
-90.94503,25,500.422503
273.160815,85,500.777905
-274.988183,85,501.134516
830.23992,85,501.492743
782.777055,85,501.850518
-374.80693,85,502.199032
816.973491,85,502.562409
811.819566,85,502.882403
815.771984,85,503.253294
834.220163,85,503.599853
833.255734,85,503.971978
765.188357,85,504.334125
756.80303,85,504.685522
833.138644,85,505.039134
782.10046,85,505.356651
846.1991,85,505.749041
847.597381,85,506.14518
680.438635,85,506.529565
872.699483,85,506.883256
774.725655,85,507.272122
783.798615,85,507.632026
-301.515507,85,507.978314
-108.654225,29,508.161536
786.576199,85,508.484138
-198.026907,51,508.740758
841.933352,85,509.102331
832.705541,85,509.463676
792.068312,85,509.846153
813.502506,85,510.225096
792.653165,85,510.595121
-109.087271,25,510.776379
-103.080757,25,510.961294
-109.087271,25,511.142848
838.818635,85,511.500854
-103.085516,25,511.699141
865.112376,85,512.068722
-310.491925,85,512.402117
-328.696247,85,512.765659
-318.063338,85,513.179027
839.967256,85,513.577378
786.758419,85,513.916265
797.080366,85,514.26327
-293.298614,85,514.620582
815.460843,85,514.979764
824.060553,85,515.357407
794.835978,85,515.727076
794.828515,85,516.086342
772.509084,85,516.439884
783.11759,85,516.834519
819.846067,85,517.208434
-96.964322,25,517.394624
827.056497,85,517.796321
808.059887,85,518.169225
810.408699,85,518.533379
812.395801,85,518.916197
829.427619,85,519.263073
796.27968,85,519.630646
840.34305,85,520.012472
849.74275,85,520.423322
886.737133,85,520.799837
826.186634,85,521.199423
830.693327,85,521.571928
-180.135852,44,521.793442
-87.447805,25,521.972156
829.342597,85,522.337711
806.431699,85,522.706632
850.204883,85,523.082587
812.617345,85,523.453158
841.196896,85,523.828525
819.238241,85,524.215336
-270.394934,71,524.518538
800.520556,85,524.910497
836.960188,85,525.317111
530.403466,85,525.712894
841.111313,85,526.080257
-313.118158,85,526.45109
838.385009,85,526.834588
822.858946,85,527.223429
809.383409,85,527.603044
826.111616,85,527.957033
761.340682,85,528.322391
744.180742,85,528.701661
836.311243,85,529.073523
766.069911,85,529.447584
-193.06579,54,529.72628
-299.327841,85,530.078287
-62.478687,85,530.431082
826.100232,85,530.811896
848.217796,85,531.183007
775.479678,85,531.547966
-280.960584,85,531.895494
774.498955,85,532.275793
861.69104,85,532.651319
833.879648,85,533.008078
855.610689,85,533.33615
819.537216,85,533.683106
850.908016,85,534.057199
834.030897,85,534.431547
811.390667,85,534.781087
-154.479303,47,535.038743
780.72962,85,535.402673
-139.274296,39,535.63676
881.37053,85,535.999947
833.748031,85,536.347987
828.107333,85,536.688237
-281.500028,85,537.061836
854.722652,85,537.428689
821.183492,85,537.794627
832.092182,85,538.1311
821.804622,85,538.482815
765.416207,85,538.819666
755.614563,85,539.181397
771.34324,85,539.55799
-103.044629,25,539.747125
853.265371,85,540.090274
-206.328208,51,540.365276
-98.162782,26,540.55148
-108.934879,27,540.740594
842.321161,85,541.120897
860.055333,85,541.472967
787.593578,85,541.824744
851.630202,85,542.189814
844.212819,85,542.565337
853.068534,85,542.911907
848.861806,85,543.257699
-279.050541,85,543.616238
763.587462,85,543.986071
-319.849482,80,544.353276
792.844789,85,544.9115
-102.901542,27,545.101821
-106.087271,25,545.285863
-311.721865,77,545.611264
844.944501,85,545.957403
-350.720229,85,546.258301
780.163977,85,546.571661
-290.520091,73,546.892316
837.814934,85,547.258422
770.329325,85,547.563982
817.145141,85,547.887998
435.06865,85,548.215765
-260.993876,85,548.510293
-107.98178,28,548.700372
849.671615,85,549.008589
-84.905749,25,549.181421
-105.308967,25,549.355942
-203.029818,53,549.586047
791.902018,85,549.912866
-110.129184,26,550.086169
805.209868,85,550.488203
792.628074,85,550.821222
780.597137,85,551.158861
-98.11573,26,551.336082
368.600146,85,551.675931
829.886286,85,552.020306
856.946983,85,552.323577
803.03898,85,552.676353
789.212778,85,553.043419
828.777936,85,553.390806
568.645325,85,553.736223
-278.289422,85,554.103306
807.220344,85,554.481849
662.258778,85,554.830454
-225.749997,85,555.197814
800.889266,85,555.558214
-97.087271,25,555.753081
772.662886,85,556.109364
776.945836,85,556.501105
818.667553,85,556.84608
837.90519,85,557.219408
-106.133893,27,557.423991
767.118042,85,557.791817
853.600872,85,558.148348
-140.205883,38,558.373795
824.997829,85,558.747952
-99.004224,26,558.949467
-87.836939,25,559.128467
761.975616,85,559.475252
-95.687149,26,559.66827
-101.126349,26,559.861455
475.619189,85,560.205553
795.641674,85,560.560877
830.020036,85,560.887516
40.597614,85,561.245761
777.431662,85,561.607862
823.586578,85,561.972129
786.453042,85,562.326966
800.171608,85,562.7227
840.85792,85,563.085414
795.428656,85,563.429745
41.350752,85,563.768302
857.067356,85,564.140798
853.366231,85,564.512608
812.250945,85,564.872483
819.031393,85,565.22915
795.150178,85,565.573419
-202.137691,54,565.818715
-109.087271,25,566.01405
791.320221,85,566.399217
779.574991,85,566.762538
790.621269,85,567.097668
775.993587,85,567.428468
786.338703,85,567.805259
-355.567226,85,568.167051
772.296224,85,568.522451
-304.292675,85,568.882151
761.222874,85,569.243115
788.493863,85,569.575399
738.391116,85,569.90769
36.124519,85,570.276831
817.229092,85,570.652542
795.109945,85,571.000803
805.897085,85,571.32757
29.583545,85,571.671346
771.295074,85,572.02828
-99.516277,25,572.210639
667.75676,85,572.545918
-107.842636,26,572.731044
-110.033859,26,572.929285
863.745768,85,573.296609
-109.087271,25,573.488709
767.891654,85,573.857745
-98.057145,26,574.054107
793.991716,85,574.415999
834.631461,85,574.76065
796.227014,85,575.125636
785.356021,85,575.484102
-95.113414,26,575.672789
774.377455,85,576.064436
800.158248,85,576.425946
851.260285,85,576.780441
-109.010004,25,576.971726
847.850716,85,577.315847
-248.963598,66,577.628514
778.394427,85,578.005786
-316.728599,85,578.373038
841.312572,85,578.722657
824.328424,85,579.060869
-213.980673,62,579.324628
795.550499,85,579.701439
674.367488,85,580.076358
821.755979,85,580.436793
791.040513,85,580.826574
-123.491023,34,581.04772
765.592744,85,581.444542
795.132192,85,581.83621
795.484663,85,582.203738
847.480989,85,582.550278
799.906595,85,582.859041
833.692766,85,583.233797
-259.404862,85,583.575664
806.644789,85,583.939708
759.745573,85,584.303353
816.485921,85,584.680578
795.290562,85,585.037271
833.583264,85,585.410938
767.041434,85,585.78372
832.530504,85,586.131134
810.178077,85,586.48446
-74.28877,85,586.849186
-271.952928,85,587.206939
811.793188,85,587.568433
781.104205,85,587.88225
839.444821,85,588.250901
839.152202,85,588.610035
-132.917948,85,588.953854
-162.460891,39,589.179717
-103.009987,25,589.370564
829.424127,85,589.741344
774.420122,85,590.109412
-117.303917,31,590.31796
-300.474082,85,590.672816
716.424105,85,591.01911
799.16209,85,591.328319
-139.746461,37,591.546073
-111.319728,31,591.743301
807.635553,85,592.09828
851.606472,85,592.460793
812.335339,85,592.811971
859.93158,85,593.19879
854.303063,85,593.574549
-294.980102,85,593.949161
857.040863,85,594.294338
-267.003207,85,594.652782
802.567791,85,595.027375
859.467699,85,595.388473
783.189036,85,595.755781
790.947767,85,596.113991
-262.081884,85,596.48873
776.895114,85,596.864651
759.532398,85,597.261889
-153.409291,85,597.603374
-351.300775,85,597.919683
845.704066,85,598.273699
-97.080412,25,598.470981
-107.22767,26,598.663572
826.92685,85,599.03634
767.781853,85,599.417569
489.503785,85,599.802138
-119.042314,32,600.019216
-105.935564,27,600.212528
-101.756052,26,600.407345
760.238459,85,600.991362
-303.391249,85,601.317248
863.730522,85,601.638392
849.170158,85,601.947965
853.097754,85,602.261461
-118.347982,33,602.444468
832.339818,85,602.748011
792.100256,85,603.083704
-103.087271,25,603.259028
843.153923,85,603.596192
748.286513,85,603.912863
-339.811021,80,604.196108
-100.399301,27,604.377367
802.847801,85,604.741294
816.119945,85,605.08981
-345.06264,85,605.430125
-97.98809,26,605.616317
-261.227679,65,605.907024
792.001171,85,606.261431
798.694197,85,606.638519
-300.035014,85,607.018624
778.578626,85,607.353588
837.746542,85,607.752678
793.93155,85,608.131699
-342.282823,85,608.490149
801.215978,85,608.899165
839.44567,85,609.271515
-114.195754,32,609.495938
-293.028692,85,609.862684
854.519425,85,610.224671
-160.23025,41,610.440809
834.513429,85,610.79813
-272.10624,85,611.184079
531.006164,85,611.664468
780.318737,85,611.964653
-221.469802,85,612.27111
20.464155,85,612.592789
804.562528,85,612.924827
827.558658,85,613.221731
-113.658062,32,613.402501
766.276716,85,613.721251
-136.182418,39,613.943147
849.286161,85,614.258804
778.967888,85,614.582976
800.266662,85,614.919153
-127.026118,31,615.112495
-109.087271,25,615.30391
842.878215,85,615.631998
788.050093,85,615.970367
-124.532346,33,616.167955
-122.334469,32,616.357419
-297.411649,85,616.694803
858.681006,85,617.033935
800.325993,85,617.356569
-7.168937,85,617.714434
868.782013,85,618.05672
822.510858,85,618.370621
-236.31185,85,618.733631
838.409422,85,619.08854
799.789936,85,619.467768
818.455769,85,619.821855
843.491809,85,620.231961
-146.988932,39,620.469794
-89.032027,26,620.661332
793.865788,85,621.023815
-115.402844,33,621.252071
832.779902,85,621.639816
831.073629,85,622.102506
-253.901484,85,622.45191
858.942315,85,622.820961
828.427604,85,623.192667
790.459476,85,623.581332
834.850197,85,623.931568
846.47187,85,624.373454
-126.346024,31,624.570645
830.377429,85,624.981258
868.503794,85,625.341385
-347.350446,85,625.695141
839.824172,85,626.05357
803.844016,85,626.388672
-130.981565,32,626.583204
817.094157,85,626.933855
785.183146,85,627.282742
-171.954425,48,627.532728
-131.824771,40,627.749902
848.02461,85,628.085587
868.618863,85,628.416852
-117.247821,32,628.617551
-305.166022,85,628.975556
-310.299053,85,629.340875
773.757385,85,629.700683
838.418254,85,630.032818
-386.307591,85,630.366466
-138.401107,33,630.593346
832.556724,85,630.965897
652.686808,85,631.340071
824.051294,85,631.744841
797.156381,85,632.128376
846.35271,85,632.51596
781.188074,85,632.913819
848.09301,85,633.304267
-161.504828,42,633.570415
322.955609,85,633.952884
834.363541,85,634.365069
-133.921093,38,634.599903
-129.80049,42,634.885945
848.929431,85,635.299752
799.801328,85,635.708014
829.420064,85,636.115783
844.822135,85,636.531562
515.23379,85,636.933881
-169.641593,45,637.197011
774.277565,85,637.607959
805.17372,85,638.023045
839.98416,85,638.403027
874.193209,85,638.812875
-362.545407,85,639.254357
857.425949,85,639.648327
822.011063,85,640.050045
769.699919,85,640.427748
-304.767793,76,640.783741
-196.700617,47,641.096791
859.89863,85,641.55366
-303.376063,85,641.942522
814.232311,85,642.40103
825.945078,85,642.803056
754.281314,85,643.184314
843.215964,85,643.605155
527.632733,85,643.99623
854.0779,85,644.371459
848.115356,85,644.770609
-272.184317,85,645.167251
795.61351,85,645.540117
-383.191034,85,645.918557
797.382225,85,646.29194
854.38151,85,646.658774
837.755043,85,647.019112
-66.841348,85,647.366964
765.273415,85,647.807148
822.261937,85,648.229928
-141.248732,41,648.531551
842.327964,85,648.918979
-311.432847,82,649.308133
830.321917,85,649.72198
804.480902,85,650.117283
751.046117,85,650.490881
790.317387,85,650.902706
813.816468,85,651.299919
851.887546,85,651.706138
851.682777,85,652.102389
-325.344828,85,652.49512
792.338096,85,652.892742
870.875535,85,653.317993
-240.979949,85,653.694928
-132.541797,36,653.945311
733.956145,85,654.334214
535.598299,85,654.713695
-285.725467,77,655.037129
807.944392,85,655.409576
874.606477,85,655.810598
820.217103,85,656.200048
846.519853,85,656.584427
806.211819,85,656.980105
-310.475079,85,657.353113
777.967484,85,657.727788
767.777851,85,658.183619
-266.05221,85,658.570066
803.360018,85,658.938107
818.21567,85,659.350046
860.461449,85,659.732209
146.756364,85,660.127212
872.941869,85,660.518984
-193.600002,85,660.921142
-235.154875,85,661.292788
827.311154,85,661.695313
861.075499,85,662.062776
805.610288,85,662.448413
781.199725,85,662.859364
71.824986,85,663.23879
871.540052,85,663.617508
-119.687258,32,663.8407
857.813461,85,664.275743
-128.413934,32,664.510392
839.177432,85,665.042202
839.666822,85,665.358236
-173.337248,85,665.705512
-216.726029,61,665.994903
831.147995,85,666.346401
811.010981,85,666.66848
824.380182,85,667.010861
-188.592279,52,667.264825
801.750263,85,667.65027
852.763564,85,668.019543
781.06669,85,668.396024
817.323961,85,668.780923
-112.135356,31,668.993966
-114.034486,35,669.228012
836.663168,85,669.630839
-101.828154,26,669.847334
807.710111,85,670.237249
811.028678,85,670.627612
858.79435,85,671.004871
-370.269708,85,671.375692
815.94128,85,671.757601
864.36494,85,672.143571
842.418479,85,672.546253
842.619309,85,672.951642
17.870032,85,673.363398
808.738694,85,673.775922
842.110349,85,674.182687
813.103793,85,674.599999
790.470338,85,674.973412
-298.663292,85,675.368506
814.149917,85,675.74651
804.408176,85,676.139071
351.918802,85,676.51748
838.025704,85,676.910152
-317.247181,85,677.283231
871.655402,85,677.651968
852.496873,85,678.036451
772.210242,85,678.383906
766.573587,85,678.752962
816.812351,85,679.134397
825.729068,85,679.512115
-290.85949,78,679.868864
788.082893,85,680.247857
-231.199223,63,680.584293
784.33045,85,680.953722
775.002345,85,681.358575
-175.899986,44,681.645936
-113.794528,37,681.90143
798.841338,85,682.291142
800.048628,85,682.682213
824.466782,85,683.064299
-183.905302,42,683.307637
-333.157046,85,683.742229
-357.206387,85,684.147961
847.541785,85,684.517824
-112.845327,31,684.73275
794.626225,85,685.125107
-290.748791,85,685.504092
789.658851,85,685.916228
632.843523,85,686.322952
833.094901,85,686.718001
836.715451,85,687.11311
-185.421021,85,687.509602
783.78007,85,687.895676
829.673725,85,688.266217
830.454268,85,688.700968
816.750795,85,689.115544
799.021528,85,689.479004
769.370265,85,689.901796
832.625508,85,690.413831
807.776294,85,690.817692
802.926438,85,691.241586
785.270226,85,691.616371
811.612842,85,692.018616
24.888693,85,692.423177
842.524196,85,692.830051
795.879414,85,693.231537
847.726397,85,693.777951
786.380325,85,694.190609
852.596371,85,694.575457
823.344696,85,695.010936
808.847812,85,695.372959
800.646169,85,695.736263
309.203182,85,696.093194
-115.000772,31,696.306686
773.05541,85,696.661487
-115.739243,32,696.885868
857.43542,85,697.262111
820.231533,85,697.631672
800.758438,85,698.015855
766.040137,85,698.38361
769.573516,85,698.765448
845.769465,85,699.14412
838.364968,85,699.514739
-103.049488,31,699.745357
752.196543,85,700.110326
822.521788,85,700.518107
813.803382,85,700.926999
840.157765,85,701.354741
830.72747,85,701.742212
804.879069,85,702.115519
881.48726,85,702.474204
837.961169,85,702.861192
-303.048641,85,703.238758
805.951085,85,703.60149
789.35492,85,703.972687
-116.048092,30,704.190023
-112.194491,31,704.420285
-122.427487,85,704.79654
810.295148,85,705.197413
124.533541,85,705.575541
428.037958,85,705.940084
-305.630934,85,706.334603
796.141047,85,706.755922
834.910056,85,707.163896
821.037659,85,707.562748
-126.342443,31,707.787433
817.859337,85,708.169541
-328.842047,85,708.545704
-112.420208,33,708.783881
859.689674,85,709.146614
875.601201,85,709.52055
-136.062703,36,709.750996
853.00069,85,710.143764
792.282696,85,710.528777
799.486656,85,710.918848
805.274422,85,711.31848
790.238214,85,711.70948
875.64731,85,712.075111
788.287886,85,712.465177
-93.536387,27,712.676416
627.358612,85,713.037103
-119.124752,30,713.260044
-283.108036,85,713.646813
-101.641213,30,713.852998
853.35832,85,714.257077
-111.324769,32,714.541222
846.2928,85,714.953119
823.030236,85,715.340633
796.301292,85,715.722804
-107.116179,32,715.971493
856.252263,85,716.342255
784.810075,85,716.72298
841.032559,85,717.095557
783.641417,85,717.462478
815.445285,85,717.845794
-125.758796,32,718.0612
833.74549,85,718.451646
-302.963356,79,718.811431
812.364632,85,719.20147
-204.30877,50,719.500654
-100.554238,33,719.732132
814.081362,85,720.147322
122.043286,85,720.552049
-326.866764,85,720.946426
-119.774775,32,721.164598
844.457606,85,721.541137
770.068187,85,721.934543
-104.74267,30,722.146097
831.66351,85,722.540831
-126.981374,31,722.772589
-108.188452,29,723.013063
-116.571526,30,723.247299
-127.161859,33,723.475239
800.008541,85,723.872709
-304.509557,85,724.271729
-226.495168,58,724.558856
-133.048609,36,724.796916
-103.269139,31,725.026211
-118.11118,31,725.249124
-341.377643,85,725.638803
797.367434,85,726.021496
-367.636609,85,726.386193
804.697399,85,726.772787
-297.465041,85,727.150568
-100.242,31,727.362949
-106.66336,31,727.584509
819.57719,85,727.972447
797.172107,85,728.343348
781.482553,85,728.70757
4.686689,85,729.083449
543.890779,85,729.447861
-100.496339,31,729.661895
-154.742459,44,729.922189
836.470149,85,730.29671
790.564119,85,730.677097
795.441417,85,731.063891
-325.499144,85,731.449348
771.718984,85,731.831111
-117.275548,32,732.081127
830.098681,85,732.49277
-117.084935,38,732.753456
870.506085,85,733.122189
419.215758,85,733.51509
832.878651,85,733.904871
844.365681,85,734.291475
-108.878752,31,734.509759
868.409484,85,734.903764
783.885705,85,735.307483
800.098145,85,735.706221
890.345079,85,736.12331
835.187688,85,736.497257
-340.127111,85,736.875786
852.695803,85,737.266796
846.528509,85,737.629872
-225.424804,63,737.93397
834.821686,85,738.292186
811.173363,85,738.674588
855.782886,85,739.047222
-98.050442,33,739.271743
548.711514,85,739.657334
821.879231,85,740.041974
812.765749,85,740.431176
-316.52119,84,740.809333
807.995176,85,741.185992
837.175414,85,741.566015
-97.977936,85,741.951849
830.745446,85,742.337938
665.394592,85,742.72009
852.622548,85,743.090614
858.591969,85,743.470094
236.041257,85,743.830222
815.37477,85,744.233454
858.85787,85,744.589821
822.767907,85,744.956143
847.540527,85,745.329135
840.654597,85,745.717565
-118.76775,30,745.948031
-109.148546,31,746.167907
804.692529,85,746.581893
834.821023,85,746.964577
855.445966,85,747.335305
844.893432,85,747.770515
847.95514,85,748.178215
-119.445143,35,748.409601
821.667333,85,748.800493
-133.744562,39,749.04164
-108.553729,29,749.257836
713.869825,85,749.645186
-325.910988,85,750.029325
-345.749307,85,750.406952
-106.225005,31,750.62426
840.778647,85,750.994771
-94.888772,31,751.224853
824.696908,85,751.596577
336.805342,85,751.967521
869.805233,85,752.361203
886.17805,85,752.751327
-327.833098,85,753.107908
775.51581,85,753.497012
-111.29402,31,753.705963
-106.669649,35,753.928246
856.33404,85,754.30713
810.766998,85,754.699229
868.020058,85,755.08018
790.857955,85,755.460313
822.726805,85,755.866951
-111.780327,31,756.096035
-107.285843,30,756.313282
-121.815663,33,756.555839
-108.487832,36,756.791244
-105.153011,32,757.022066
877.570395,85,757.429418
818.093017,85,757.805361
-107.529287,28,758.009372
-102.214398,30,758.236339
-113.25391,30,758.445472
126.913648,85,758.828471
798.176626,85,759.197741
-105.886852,31,759.430036
846.257149,85,759.807014
814.130646,85,760.190366
-136.547222,33,760.432427
622.994683,85,760.82453
-144.709288,42,761.063742
-101.79833,32,761.283974
805.562234,85,761.657325
833.049246,85,762.034367
805.731715,85,762.398075
247.047584,85,762.769576
803.000446,85,763.173235
815.25353,85,763.535275
818.636858,85,763.909801
789.751781,85,764.294295
-111.306112,29,764.507783
-86.820363,30,764.749981
-235.498226,64,765.077855
814.292755,85,765.468069
-115.077175,31,765.689387
-116.778248,33,765.928393
781.844821,85,766.304208
793.532563,85,766.714082
-308.533432,85,767.090375
866.380751,85,767.480736
-122.446292,32,767.704702
426.655131,85,768.066144
847.399092,85,768.441401
825.914706,85,768.825755
137.789698,85,769.20993
861.44836,85,769.59057
795.335648,85,769.977581
803.622133,85,770.342678
845.785434,85,770.71016
-305.278245,85,771.089576
232.659552,85,771.449676
825.385474,85,771.818281
802.659969,85,772.211412
-106.654471,30,772.453195
-108.817245,31,772.670948
826.480405,85,773.065601
-114.977391,31,773.283827
799.309402,85,773.670524
228.685488,85,774.034347
806.838826,85,774.395038
500.930801,85,774.767398
815.095318,85,775.169982
821.586723,85,775.534204
845.951618,85,775.938182
-111.617723,31,776.166423
-344.603712,85,776.54262
-109.07286,34,776.770217
804.780044,85,777.191169
832.698087,85,777.568768
652.277967,85,777.92912
211.639796,85,778.316303
835.354486,85,778.681287
816.953918,85,779.067653
768.533264,85,779.465034
255.800158,85,779.837672
-102.792846,27,780.038244
-92.127614,26,780.245119
880.40234,85,780.658034
797.213918,85,781.049578
850.216737,85,781.439803
839.536962,85,781.815456
798.788544,85,782.191989
819.647632,85,782.566439
839.589429,85,782.9558
756.089925,85,783.353809
838.809779,85,783.721952
817.464499,85,784.113643
830.319498,85,784.484035
797.466237,85,784.880971
828.746067,85,785.266192
782.702335,85,785.673691
747.24125,85,786.046217
-115.279293,31,786.263886
818.692762,85,786.65037
843.919623,85,787.022984
848.972216,85,787.394687
789.511417,85,787.799036
835.401839,85,788.170622
834.390785,85,788.534082
832.142572,85,788.932806
-192.230153,54,789.203874
849.802094,85,789.602951
768.179832,85,789.998334
763.41351,85,790.357106
-128.564222,32,790.572924
-131.169046,39,790.815508
152.297664,85,791.2116
843.367656,85,791.577129
767.601615,85,791.937366
835.168294,85,792.333642
-132.340797,31,792.55991
-123.17222,32,792.789206
-118.384772,31,793.018556
-119.291414,38,793.26334
763.971904,85,793.671499
-102.759498,32,793.893142
795.879117,85,794.268141
778.70757,85,794.654374
-325.098602,85,795.050157
826.900064,85,795.416886
851.24496,85,795.78805
853.811929,85,796.179262
774.887793,85,796.552505
796.351916,85,796.927736
840.472935,85,797.321242
834.487361,85,797.707439
836.05861,85,798.091138
810.300665,85,798.471176
776.90802,85,798.853472
837.919981,85,799.225729
-110.772932,30,799.446163
-92.605651,30,799.676469
781.483342,85,800.065564
842.109282,85,800.469897
854.337515,85,800.853045
793.553854,85,801.242317
-312.413378,85,801.641966
801.596094,85,802.038839
803.925182,85,802.414851
761.056565,85,802.804341
815.176679,85,803.21278
838.54259,85,803.589256
634.000822,85,803.985459
796.562521,85,804.360016
779.689965,85,804.720438
888.681937,85,805.072927
790.253164,85,805.461675
835.870245,85,805.836116
817.378917,85,806.241409
846.116779,85,806.626429
842.184205,85,806.996055
812.495513,85,807.358585
820.431841,85,807.764483
806.442271,85,808.148819
-112.399029,31,808.366638
830.340589,85,808.762542
-362.345184,85,809.139112
769.418663,85,809.497236
773.801945,85,809.844479
810.054979,85,810.24518
-106.973035,30,810.455717
848.351573,85,810.834587
816.575902,85,811.227374
792.033658,85,811.607417
833.465881,85,811.981187
775.095472,85,812.387822
868.295738,85,812.758297
820.220319,85,813.139513
845.615065,85,813.531686
829.765629,85,813.903578
864.46907,85,814.306101
848.925184,85,814.720936
800.43523,85,815.094914
829.910159,85,815.461948
793.541563,85,815.805047
878.74174,85,816.194128
798.293895,85,816.574471
809.255256,85,816.961483
768.068273,85,817.343914
-97.483371,31,817.555176
-298.864451,85,817.968335
-130.242469,33,818.226541
811.030239,85,818.61683
797.360686,85,819.002374
860.242092,85,819.385384
801.388149,85,819.758813
456.448361,85,820.127931
776.861325,85,820.527165
841.721819,85,820.909219
-325.658798,85,821.27798
-294.532301,85,821.665254
-254.152846,65,821.982392
737.546521,85,822.36413
-332.104427,85,822.759788
830.347964,85,823.14533
785.03246,85,823.493918
849.071664,85,823.815594
816.691311,85,824.190742
802.955774,85,824.565819
758.386265,85,824.939612
-98.698614,33,825.181041
809.864141,85,825.568428
131.311271,85,825.937011
811.852696,85,826.31237
816.968248,85,826.75391
826.253926,85,827.140168
812.156239,85,827.546601
834.602399,85,827.913193
825.166264,85,828.279132
-109.059132,31,828.510704
869.629909,85,828.890764
864.259776,85,829.263701
789.134755,85,829.639392
851.634659,85,830.038622
803.243353,85,830.418784
828.939541,85,830.81642
-297.64305,85,831.207136
821.348099,85,831.584542
785.650637,85,831.93963
-174.160055,48,832.211637
-330.888377,85,832.584159
828.208356,85,832.94843
829.364585,85,833.327644
796.442321,85,833.729743
-136.995753,43,833.981756
835.095616,85,834.385053
-121.335074,31,834.633543
836.158341,85,835.007508
-110.780395,35,835.236063
-101.292506,33,835.47094
-71.643947,85,835.841862
849.506904,85,836.209124
830.602066,85,836.601017
-179.981912,85,837.008742
798.444941,85,837.376606
858.777225,85,837.748051
787.028194,85,838.148857
796.615331,85,838.541747
852.442005,85,838.907214
786.71264,85,839.317005
832.026101,85,839.698433
762.601734,85,840.073205
843.744979,85,840.456983
820.538522,85,840.831602
830.172318,85,841.210999
777.129952,85,841.609685
815.535356,85,841.993044
833.049224,85,842.347528
792.744855,85,842.74013
867.328754,85,843.139069
834.688679,85,843.515639
-315.20048,77,843.848965
-106.914918,33,844.081002
866.512183,85,844.440912
-240.124841,67,844.752915
838.825543,85,845.149598
876.395453,85,845.515135
550.807793,85,845.871191
832.302318,85,846.259739
837.971861,85,846.650268
812.743589,85,847.029481
799.662252,85,847.426125
828.260344,85,847.812222
856.134767,85,848.216492
-91.042156,85,848.599875
-113.439494,30,848.818662
-114.204887,32,849.046906
795.460293,85,849.432628
-103.53128,31,849.658984
839.021833,85,850.044718
-118.784116,31,850.265261
223.048167,85,850.660011
764.684486,85,851.085675
858.084852,85,851.462001
804.517741,85,851.846099
828.061083,85,852.252434
-284.196522,80,852.643162
837.408943,85,852.998832
790.226676,85,853.36474
-111.953402,31,853.587549
-105.225321,32,853.816885
834.521554,85,854.195824
823.141858,85,854.579327
841.624754,85,854.959953
806.157206,85,855.342555
827.00356,85,855.739362
-119.041924,30,855.946905
806.056719,85,856.315827
800.674738,85,856.699604
822.902823,85,857.102766
851.053754,85,857.483664
-90.213245,27,857.689997
-108.612267,29,857.907073
213.859026,85,858.288451
-119.752212,30,858.511367
323.359325,85,858.969927
792.786035,85,859.390155
794.465944,85,859.763155
-115.667288,30,859.974807
-107.626411,30,860.190437
826.246896,85,860.586807
841.48977,85,860.947836
-274.933488,72,861.270332
793.305672,85,861.652979
800.177312,85,862.022802
-325.702578,85,862.377135
844.532724,85,862.767408
794.817373,85,863.162215
-122.803886,32,863.405512
-85.54094,29,863.610301
760.026442,85,864.020024
-309.676324,85,864.40517
799.86536,85,864.796554
824.116569,85,865.188445
827.735714,85,865.553521
815.289882,85,865.921373
832.74465,85,866.310658
-118.752222,28,866.521208
-97.734858,28,866.7257
-92.400029,28,866.951511
817.265734,85,867.34657
587.838036,85,867.745687
845.684463,85,868.126319
832.097773,85,868.52909
741.763843,85,868.912888
824.84995,85,869.28328
835.265308,85,869.678175
759.762056,85,870.047096
791.59887,85,870.409198
790.911987,85,870.773417
795.655937,85,871.151744
734.673476,85,871.564011
-111.282815,29,871.784286
787.17816,85,872.180167
-127.667288,30,872.395233
-110.843092,32,872.620051
817.503664,85,873.039901
812.100555,85,873.431686
823.04586,85,873.811709
-110.609232,28,874.011547
-277.515394,85,874.391541
-195.221136,48,874.678509
-89.962186,33,874.89699
641.590029,85,875.278119
831.086968,85,875.720477
-103.08507,25,875.982799
437.684355,85,876.41737
822.172712,85,876.950673
864.970797,85,877.349085
831.203033,85,877.739077
781.286142,85,878.13501
812.2437,85,878.518522
606.524782,85,878.920551
788.0508,85,879.314768
-327.572534,85,879.695158
813.099422,85,880.060413
-362.476884,85,880.448103
774.524556,85,880.841583
776.225562,85,881.219057
838.339241,85,881.614305
786.541632,85,881.978995
781.442104,85,882.314595
-329.619148,85,882.696758
792.830118,85,883.072989
-362.353669,85,883.454476
822.964818,85,883.829505
829.870347,85,884.211852
-307.597177,85,884.584129
848.671096,85,884.957798
-106.788212,30,885.164518
-184.938993,85,885.533538
804.652257,85,885.923627
817.275838,85,886.35087
817.394636,85,886.723474
774.198075,85,887.100285
765.353729,85,887.49497
850.67701,85,887.883857
821.413538,85,888.260797
761.671568,85,888.664242
800.903346,85,889.008033
798.738922,85,889.342017
-363.824458,85,889.72594
815.137809,85,890.175003
765.94924,85,890.63965
-96.875299,29,890.873005
-270.151863,85,891.256408
810.600626,85,891.621816
743.607346,85,892.01587
823.060157,85,892.420583
804.605152,85,892.797123
820.849703,85,893.18183
-124.144866,31,893.429168
795.972473,85,893.807837
822.41009,85,894.31515
870.334778,85,894.723351
-122.624821,33,894.966381
-116.415773,30,895.189404
813.777028,85,895.618095
-119.156475,36,895.856396
769.670628,85,896.246968
-112.151492,31,896.493309
825.999189,85,896.881041
771.436396,85,897.279768
826.281782,85,897.726171
854.870428,85,898.13407
609.274942,85,898.50378
843.24162,85,898.888975
801.562424,85,899.27615
832.441124,85,899.651945
835.885907,85,900.034554
795.235854,85,900.423753
802.973151,85,900.795311
773.7367,85,901.18738
874.445522,85,901.588749
-116.735013,30,901.808236
772.167266,85,902.218277
-120.287456,29,902.425852
-90.308967,25,902.637541
-105.308967,25,902.849571
-86.03549,26,903.05398
746.710622,85,903.444822
769.831816,85,903.854348
-101.084207,31,904.077979
854.22656,85,904.474472
847.065786,85,904.849113
785.037557,85,905.23321
791.234907,85,905.607239
-146.339184,37,905.843751
-113.68879,30,906.077016
856.144714,85,906.44793
828.126735,85,906.852263
795.248042,85,907.23653
-119.770914,38,907.487871
-123.899663,31,907.71843
830.426919,85,908.10996
797.153696,85,908.499472
826.447221,85,908.910108
781.774883,85,909.299239
-115.228621,31,909.52406
831.390408,85,909.917478
-147.339651,45,910.178236
815.246814,85,910.551379
796.658379,85,910.943429
767.404119,85,911.287818
804.485272,85,911.650123
436.097699,85,912.02138
811.398653,85,912.398386
800.728809,85,912.827998
838.040829,85,913.21007
838.83731,85,913.616534
830.769911,85,913.968616
868.097094,85,914.306659
765.539463,85,914.714902
795.469528,85,915.106631
-109.30129,31,915.335112
438.882763,85,915.722316
441.974264,85,916.099494
814.767395,85,916.471278
737.111773,85,916.874057
792.17922,85,917.263335
810.736426,85,917.659837
-279.080667,77,918.071238
796.377681,85,918.502973
810.190096,85,918.890592
-107.081234,28,919.112559
-95.272734,28,919.338392
829.370458,85,919.736277
802.27827,85,920.115338
788.266876,85,920.506965
838.180131,85,920.870764
-9.02361,85,921.286736
762.880843,85,921.691018
863.714427,85,922.056962
828.912073,85,922.408275
-286.727143,85,922.745916
542.288259,85,923.134679
809.521425,85,923.503814
782.481339,85,923.877805
798.932581,85,924.262505
795.412243,85,924.637942
-112.768561,28,924.847784
-113.66972,28,925.061736
-90.925171,27,925.282688
826.979122,85,925.698678
128.930198,85,926.081328
887.411723,85,926.466102
801.479188,85,926.834768
798.483824,85,927.224557
850.795977,85,927.636454
-140.659037,34,927.897804
850.18224,85,928.252562
804.250577,85,928.636288
802.688371,85,929.010607
835.708253,85,929.420803
782.860292,85,929.824996
807.851902,85,930.190584
864.275467,85,930.561167
804.365157,85,930.940855
-113.446808,32,931.171626
-110.550764,28,931.398851
845.841883,85,931.864038
535.767131,85,932.295349
-159.653278,42,932.544667
-92.455091,30,932.783626
805.570725,85,933.176346
838.334668,85,933.57598
825.533074,85,933.965213
-103.748963,28,934.175236
-97.141761,27,934.395367
-105.190772,29,934.611298
-302.662622,85,934.993204
-315.344239,85,935.380979
801.387432,85,935.777551
793.074768,85,936.154217
818.313543,85,936.533067
830.376482,85,936.911561
-115.946466,30,937.14716
-94.732293,31,937.383096
-189.327749,85,937.796762
825.149685,85,938.198309
852.952223,85,938.563759
622.987825,85,938.929903
865.760749,85,939.325423
789.636596,85,939.696395
-121.976874,33,939.913981
838.356608,85,940.291454
827.220175,85,940.6921
-259.234829,74,941.028629
868.514291,85,941.418059
816.549897,85,941.845881
820.005674,85,942.28968
806.479234,85,942.710343
-97.776222,31,942.947466
816.666743,85,943.347258
807.821219,85,943.761444
388.264131,85,944.227757
810.167787,85,944.633551
812.486875,85,945.063702
799.937486,85,945.481278
654.860739,85,945.908675
-105.937185,31,946.157594
-361.813496,85,946.563288
787.093068,85,946.941265
837.163391,85,947.317285
821.820718,85,947.699944
842.184629,85,948.097915
-97.305919,29,948.311974
833.965956,85,948.707284
810.057803,85,949.091889
823.211166,85,949.480517
-125.673319,30,949.695143
-89.540918,28,949.917957
-98.138705,28,950.169222
-88.980487,85,950.563797
824.077109,85,950.973001
-96.628581,31,951.228097
-301.639382,85,951.62616
-314.212527,81,952.020054
-203.187565,85,952.443681
831.890168,85,952.808685
853.576175,85,953.17888
818.783686,85,953.58014
812.92556,85,953.968315
820.973879,85,954.385266
813.409711,85,954.799183
786.644888,85,955.190469
-328.356268,83,955.548169
-103.847842,30,955.764441
802.212506,85,956.159057
743.935686,85,956.520247
836.173503,85,956.884723
-310.499507,77,957.254492
-310.183386,85,957.644986
798.278117,85,958.026963
-112.014771,31,958.268379
-109.779164,30,958.493426
108.914043,85,958.903517
775.8197,85,959.313399
833.246949,85,959.734155
134.485177,85,960.114514
809.697154,85,960.4798
-116.632546,35,960.72145
803.095284,85,961.098548
-126.746113,36,961.341934
818.279733,85,961.727282
777.208441,85,962.111167
781.025772,85,962.49326
793.582249,85,962.876356
784.087373,85,963.267856
-115.183703,29,963.590205
-94.94494,28,963.792576
800.454721,85,964.137347
784.371671,85,964.47176
-112.100196,29,964.673686
-100.67579,35,964.901113
823.350716,85,965.259789
789.801323,85,965.618727
772.576887,85,965.949492
-119.666167,32,966.159509
-118.127952,38,966.403328
782.356209,85,966.787188
806.4685,85,967.144344
771.164806,85,967.588742
821.249126,85,967.943571
824.588998,85,968.289528
806.485099,85,968.621182
787.913727,85,968.959844
852.56277,85,969.296845
833.332126,85,969.611653
-103.958727,30,969.812733
821.421222,85,970.156053
783.85492,85,970.534206
822.027345,85,970.929877
-106.726577,28,971.150256
-103.264656,29,971.373606
846.378068,85,971.748589
799.730035,85,972.120388
806.952883,85,972.495997
-323.518567,85,972.850732
110.734806,85,973.196169
-122.841757,36,973.416885
-88.587279,85,973.834915
759.622412,85,974.217705
-100.667838,34,974.454771
-73.821115,85,974.848484
834.245049,85,975.212171
840.037902,85,975.633541
-273.171838,74,975.985443
-96.36449,33,976.24654
809.234134,85,976.637202
-105.479956,29,976.869417
-108.95988,31,977.079549
-80.35948,85,977.461294
807.662326,85,978.014241
-96.365666,29,978.229868
-99.396132,32,978.467047
841.246401,85,978.81266
801.493172,85,979.138785
-262.021118,67,979.435188
776.568102,85,979.80682
-111.053444,32,980.010497
844.269392,85,980.340306
837.412225,85,980.682203
823.216824,85,981.048823
825.123563,85,981.398007
-284.563466,85,981.72509
829.429131,85,982.109371
-340.632066,85,982.452316
843.081228,85,982.834473
822.815945,85,983.221015
777.709615,85,983.605057
-312.032708,85,983.98068
812.977989,85,984.361142
844.688616,85,984.745345
126.971721,85,985.121131
803.033136,85,985.517703
844.468505,85,985.889596
821.542184,85,986.240054
-228.231676,62,986.541539
823.775335,85,986.93915
-218.969768,55,987.249273
-97.518449,29,987.515344
827.031326,85,987.945152
-320.521924,85,988.358454
-98.003972,26,988.566031
-167.074009,42,988.827582
841.016984,85,989.217759
852.548738,85,989.603848
807.024574,85,989.969557
785.224053,85,990.36938
830.338139,85,990.771077
821.882832,85,991.218668
-113.911534,32,991.464594
-93.689995,32,991.687362
805.646671,85,992.094197
-132.073771,34,992.349192
-95.543115,30,992.582484
822.875065,85,992.982673
835.388046,85,993.373042
804.127284,85,993.766143
-115.254115,35,994.00979
-294.653776,77,994.351475
-322.568875,85,994.727013
-109.934123,38,994.985848
-236.468022,66,995.31599
809.652495,85,995.719096
823.08147,85,996.135335
840.466598,85,996.531662
-106.071444,29,996.745395
-83.368795,28,996.949029
828.930191,85,997.375842
832.072845,85,997.750683
792.894884,85,998.1171
860.062713,85,998.50692
787.223203,85,998.880991
811.980427,85,999.264134
825.801838,85,999.664124
827.972359,85,1000.056101
765.755718,85,1000.426641
832.062611,85,1000.829569
-200.357203,60,1001.142261
820.297643,85,1001.524226
803.595444,85,1001.893133
844.036923,85,1002.240438
-296.326086,85,1002.627266
812.096901,85,1002.988292
784.146387,85,1003.422522
793.401371,85,1003.808791
850.455021,85,1004.188062
806.773515,85,1004.587372
814.124204,85,1004.963873
810.458317,85,1005.349399
802.32073,85,1005.760111
-165.363678,42,1006.009798
532.108307,85,1006.379489
819.095147,85,1006.768031
777.353205,85,1007.142639
-110.621786,30,1007.370203
-96.46368,29,1007.604317
425.54386,85,1008.012738
794.686675,85,1008.404363
-332.79754,85,1008.78552
760.748801,85,1009.198776
837.726896,85,1009.580876
-307.196261,73,1009.900387
-311.590561,85,1010.271986
856.166129,85,1010.642894
-120.294306,34,1010.86736
768.482899,85,1011.262671
863.581394,85,1011.656466
792.529049,85,1012.112564
799.07806,85,1012.511925
800.974929,85,1012.894569
868.554061,85,1013.263375
779.419403,85,1013.660003
812.895497,85,1014.042717
394.075018,85,1014.407568
775.685897,85,1014.7797
792.687869,85,1015.153423
-108.682942,27,1015.362998
-111.901223,27,1015.572926
841.510531,85,1015.962605
785.994948,85,1016.375075
-111.778961,27,1016.590495
-110.684147,28,1016.7957
-99.303308,25,1017.001562
-104.441009,26,1017.204736
-105.279027,29,1017.449601
741.129499,85,1017.852278
831.417231,85,1018.21262
835.894965,85,1018.606787
796.902627,85,1019.002195
814.254207,85,1019.38129
839.52276,85,1019.807924
784.20739,85,1020.215792
-108.225579,29,1020.624384
791.511099,85,1021.016585
851.658713,85,1021.376597
801.801412,85,1021.752723
828.9831,85,1022.112578
420.088501,85,1022.453067
814.71743,85,1022.908828
811.758343,85,1023.257911
-241.117596,66,1023.554668
804.724762,85,1023.922286
768.06243,85,1024.276713
805.529598,85,1024.647971
773.609091,85,1025.029415
811.874196,85,1025.418951
-112.838276,30,1025.638837
-105.738861,29,1025.860879
818.198449,85,1026.288214
839.085482,85,1026.6961
850.118847,85,1027.075399
826.740606,85,1027.447334
790.682891,85,1027.843842
789.599507,85,1028.257298
817.183091,85,1028.654494
829.304673,85,1029.09732
804.070633,85,1029.535635
800.31093,85,1029.910679
837.645588,85,1030.30803
-112.696151,28,1030.559751
-109.746505,30,1030.764687
856.331415,85,1031.145715
848.789675,85,1031.545852
-109.881829,28,1031.762766
798.393501,85,1032.136211
-99.437672,27,1032.341698
562.159091,85,1032.754974
817.546675,85,1033.188475
842.609055,85,1033.57128
782.62304,85,1033.981637
791.858534,85,1034.35335
815.098758,85,1034.729352
-115.739842,30,1034.945655
-94.876606,28,1035.168735
-96.213114,32,1035.39919
-123.243111,31,1035.605075
-105.405538,32,1035.865486
-98.07061,28,1036.088912
-125.652176,30,1036.347334
-80.710028,28,1036.559248
789.162689,85,1036.963153
830.498023,85,1037.383644
-104.31455,32,1037.626972
782.860555,85,1038.032393
826.791516,85,1038.41058
781.492619,85,1038.812377
787.934921,85,1039.205672
829.748271,85,1039.580532
832.609433,85,1039.964999
835.487847,85,1040.368998
822.105127,85,1040.752475
829.82651,85,1041.142525
820.421067,85,1041.521487
-126.376513,31,1041.732235
-110.313288,28,1041.937363
-109.514113,35,1042.170106
851.149856,85,1042.584942
766.36101,85,1042.961722
799.018908,85,1043.333627
769.146949,85,1043.72127
-124.700291,30,1043.930622
-114.24677,29,1044.144965
842.073038,85,1044.550476
853.960514,85,1044.951206
859.6967,85,1045.365116
585.974018,85,1045.758386
839.424269,85,1046.13611
-105.911886,27,1046.344488
846.674386,85,1046.724285
771.65831,85,1047.117416
831.532172,85,1047.489853
799.121602,85,1047.860427
-329.653413,85,1048.243994
809.379978,85,1048.63003
811.32826,85,1048.995344
813.844765,85,1049.383686
792.819125,85,1049.75646
823.875611,85,1050.13563
-103.71218,30,1050.351876
-111.901223,27,1050.57924
-305.207632,85,1050.953917
-261.042096,66,1051.267323
725.230987,85,1051.65377
-143.087706,41,1051.887623
-91.301728,29,1052.098315
822.72886,85,1052.490294
835.809411,85,1052.898505
829.434677,85,1053.272066
-102.070927,32,1053.497312
854.746782,85,1053.891114
-102.595784,29,1054.119522
-105.450267,29,1054.327666
787.465106,85,1054.714009
822.729272,85,1055.089071
807.791466,85,1055.489444
875.429747,85,1055.850338
795.087014,85,1056.216804
777.449451,85,1056.598395
788.775245,85,1056.983856
851.264321,85,1057.378575
809.454954,85,1057.767693
782.054865,85,1058.162784
801.182472,85,1058.526713
854.603309,85,1058.911315
804.270674,85,1059.281174
814.809051,85,1059.636766
845.877696,85,1060.024417
857.796334,85,1060.394628
-109.408823,31,1060.614825
830.906105,85,1061.011021
765.571327,85,1061.398425
827.059556,85,1061.789349
798.797696,85,1062.163838
803.034794,85,1062.577408
784.253426,85,1062.950947
851.103328,85,1063.339947
808.442021,85,1063.709938
726.804742,85,1064.109959
743.365405,85,1064.501928
841.818534,85,1064.891695
833.658908,85,1065.272083
820.578173,85,1065.655749
848.213612,85,1066.079389
832.250232,85,1066.508707
698.430389,85,1066.91179
-261.885535,67,1067.260716
767.652199,85,1067.685151
813.935801,85,1068.075526
-107.91177,28,1068.300275
807.287168,85,1068.711344
815.561976,85,1069.112377
218.03051,85,1069.527719
867.783009,85,1069.930369
828.542671,85,1070.341629
246.191926,85,1070.723745
795.577953,85,1071.134277
826.575765,85,1071.515543
804.043519,85,1071.90238
805.234148,85,1072.297746
-342.631086,85,1072.670817
827.199097,85,1073.119237
796.543094,85,1073.551404
344.537823,85,1073.918236
814.944138,85,1074.347446
833.623806,85,1074.753993
-108.840543,27,1074.960366
-103.864258,28,1075.174853
812.709444,85,1075.597797
818.516888,85,1075.973784
806.909487,85,1076.347289
791.924596,85,1076.768082
852.709715,85,1077.14777
839.309326,85,1077.514867
835.457935,85,1077.897249
814.069784,85,1078.326806
817.649114,85,1078.722028
618.150957,85,1079.105606
781.668776,85,1079.489892
820.470259,85,1079.86235
850.479154,85,1080.250804
776.228861,85,1080.61921
795.462504,85,1080.994689
778.937162,85,1081.426665
-291.99205,85,1081.790106
854.377195,85,1082.144937
-152.560726,42,1082.394767
821.235688,85,1082.809096
-206.552605,51,1083.075743
29.919574,85,1083.46454
774.991258,85,1083.860716
771.618863,85,1084.236137
-285.414575,85,1084.611361
805.335986,85,1084.999185
799.479581,85,1085.359782
787.183008,85,1085.746134
-92.573206,34,1085.969344
838.433176,85,1086.359456
796.055734,85,1086.728722
825.990851,85,1087.118573
801.463622,85,1087.517107
814.156753,85,1087.918747
-115.278099,31,1088.139662
826.062281,85,1088.546034
-104.328472,28,1088.766918
835.672437,85,1089.140304
772.697781,85,1089.529551
787.857132,85,1089.933302
825.95744,85,1090.305083
841.188597,85,1090.694041
843.727177,85,1091.10302
734.936299,85,1091.505116
776.1185,85,1091.89369
816.767406,85,1092.268251
844.968038,85,1092.646943
816.295315,85,1093.037062
304.778152,85,1093.405946
-315.251164,85,1093.783678
809.292428,85,1094.165924
356.297068,85,1094.558516
788.975096,85,1094.952253
-306.645961,80,1095.328504
-109.010004,25,1095.537641
824.331115,85,1095.928932
816.950665,85,1096.30614
818.826518,85,1096.698434
-109.532435,37,1096.928769
837.97832,85,1097.307077
-105.746642,29,1097.528364
-107.064751,33,1097.762857
833.209244,85,1098.179866
795.545741,85,1098.546065
815.280164,85,1098.952383
806.186368,85,1099.337517
806.998212,85,1099.713683
787.905425,85,1100.123094
813.68104,85,1100.555357
799.203265,85,1100.93029
827.098192,85,1101.354573
810.840197,85,1101.749418
807.885992,85,1102.144903
-111.847924,31,1102.368137
-98.085796,26,1102.584632
764.805933,85,1102.969577
809.798568,85,1103.390765
-225.382898,60,1103.686671
-226.982227,61,1104.00174
831.457866,85,1104.407769
811.489283,85,1104.781476
851.754995,85,1105.153859
811.314747,85,1105.533817
798.256436,85,1105.930751
851.954438,85,1106.333539
845.360514,85,1106.699501
821.64432,85,1107.085019
-92.722372,30,1107.316235
824.956056,85,1107.698579
816.416794,85,1108.085541
791.708685,85,1108.469586
798.023002,85,1108.84639
742.099345,85,1109.221205
775.641948,85,1109.615336
814.624979,85,1109.997519
715.945771,85,1110.375562
791.112197,85,1110.753847
-128.898902,42,1111.019737
839.264536,85,1111.404882
-118.752481,28,1111.62866
-104.828748,30,1111.848458
823.997674,85,1112.245018
819.365212,85,1112.623085
836.930185,85,1112.992938
135.092326,85,1113.370799
795.933231,85,1113.739603
-316.948341,85,1114.117602
-96.90698,30,1114.343029
-274.902305,67,1114.667019
-107.261305,30,1114.886723
-131.847526,32,1115.106473
-133.625843,33,1115.327294
695.367578,85,1115.742707
793.795661,85,1116.119294
841.126356,85,1116.489618
786.184883,85,1116.866498
841.041196,85,1117.248489
854.329352,85,1117.635105
-110.047874,30,1117.853403
-105.69299,29,1118.075016
-110.828154,26,1118.277994
-77.935564,28,1118.508878
830.073817,85,1118.895237
797.765662,85,1119.286545
761.784036,85,1119.680408
860.940831,85,1120.098207
775.310138,85,1120.487212
793.357309,85,1120.870917
787.212521,85,1121.273112
797.512687,85,1121.809148
778.059127,85,1122.148153
811.800203,85,1122.49268
-306.078047,85,1122.8288
840.189319,85,1123.187774
35.779626,85,1123.508081
775.892741,85,1123.873004
-128.645405,30,1124.120155
-95.118276,31,1124.324293
833.311669,85,1124.715136
827.317324,85,1125.094251
-253.597696,85,1125.451077
827.280189,85,1125.807535
768.631177,85,1126.173439
512.832267,85,1126.616645
-126.067011,34,1126.849744
-96.83696,29,1127.071977
636.44897,85,1127.475161
811.33909,85,1127.8486
-117.691752,34,1128.074795
152.931567,85,1128.445863
823.802718,85,1128.842457
842.454067,85,1129.202339
753.669861,85,1129.587914
844.416942,85,1129.966007
802.542398,85,1130.326824
801.15589,85,1130.715906
-117.417309,29,1130.964495
-111.389567,29,1131.184557
-106.825619,31,1131.4069
808.919174,85,1131.81421
848.577379,85,1132.204224
780.230197,85,1132.629607
806.744582,85,1133.035947
836.461572,85,1133.426682
-127.150899,37,1133.651105
822.563316,85,1134.041052
822.335114,85,1134.435855
801.799144,85,1134.82813
810.507212,85,1135.22515
833.30413,85,1135.616041
805.829676,85,1135.9837
-118.164393,29,1136.234536
816.68098,85,1136.68839
-86.480467,85,1137.082256
-118.937171,36,1137.336522
860.429923,85,1137.759961
784.110729,85,1138.179514
828.216291,85,1138.564169
827.781234,85,1138.947606
-122.19826,30,1139.190796
-101.059401,31,1139.420814
757.218377,85,1139.817113
-118.046212,31,1140.03531
-117.398448,34,1140.28225
345.16215,85,1140.677086
-330.009919,85,1141.053558
779.565677,85,1141.445608
848.157471,85,1141.84572
811.890581,85,1142.238548
781.394187,85,1142.623029
813.044856,85,1143.013744
838.029087,85,1143.388998
810.626143,85,1143.764829
770.932024,85,1144.155143
-302.448233,85,1144.540791
814.377787,85,1144.892616
-148.133411,38,1145.116872
-323.653275,85,1145.493255
766.723242,85,1145.876242
798.624161,85,1146.212954
750.463546,85,1146.564084
-99.586373,29,1146.77795
850.205691,85,1147.138604
835.914901,85,1147.500096
806.615124,85,1147.835744
808.634846,85,1148.184822
-122.650371,35,1148.415802
-108.17558,29,1148.644222
-90.981561,32,1148.86999
782.768642,85,1149.986012
782.768642,85,1150.301171
782.768642,85,1150.630103
782.768642,85,1150.930518
782.768642,85,1151.228439
782.768642,85,1151.500671
782.768642,85,1151.812243
782.768642,85,1152.168298
782.768642,85,1152.523131
782.768642,85,1152.892316
782.768642,85,1610.845156
